MaSV,MaHP,Ky,DiemGK,DiemCK,DiemKTHP
20210001,MI1114,1,1,2,1.5
20210001,MIL1110,1,2,8,3.8
20210001,FL1101,1,8,10,8.6
20210001,IT2110,1,5,9,7.8
20210001,SSH1111,1,7,5,6
20210001,PE1014,1,3,10,6.5
20210001,IT2120,1,8,2,4.4
20210001,JP1110,1,6,5,5.3
20210001,MI1144,1,6,2,4.8
20210002,MI1114,1,1,8,4.5
20210002,MIL1110,1,3,6,3.9
20210002,FL1101,1,9,1,6.6
20210002,IT2110,1,6,3,3.9
20210002,SSH1111,1,8,7,7.5
20210002,PE1014,1,7,4,5.5
20210002,IT2120,1,10,2,5.2
20210002,JP1110,1,5,9,7.8
20210002,MI1144,1,5,3,4.4
20210003,MI1114,1,6,5,5.5
20210003,MIL1110,1,9,8,8.7
20210003,FL1101,1,8,7,7.7
20210003,IT2110,1,10,8,8.6
20210003,SSH1111,1,2,4,3
20210003,PE1014,1,7,7,7
20210003,IT2120,1,3,7,5.4
20210003,JP1110,1,9,3,4.8
20210003,MI1144,1,6,2,4.8
20210004,MI1114,1,3,3,3
20210004,MIL1110,1,1,8,3.1
20210004,FL1101,1,10,6,8.8
20210004,IT2110,1,6,2,3.2
20210004,SSH1111,1,7,6,6.5
20210004,PE1014,1,7,2,4.5
20210004,IT2120,1,1,8,5.2
20210004,JP1110,1,3,6,5.1
20210004,MI1144,1,4,10,5.8
20210005,MI1114,1,9,9,9
20210005,MIL1110,1,2,6,3.2
20210005,FL1101,1,7,2,5.5
20210005,IT2110,1,2,6,4.8
20210005,SSH1111,1,7,1,4
20210005,PE1014,1,3,6,4.5
20210005,IT2120,1,10,8,8.8
20210005,JP1110,1,10,7,7.9
20210005,MI1144,1,7,3,5.8
20210006,MI1114,1,6,3,4.5
20210006,MIL1110,1,10,3,7.9
20210006,FL1101,1,3,10,5.1
20210006,IT2110,1,5,3,3.6
20210006,SSH1111,1,4,6,5
20210006,PE1014,1,9,5,7
20210006,IT2120,1,9,10,9.6
20210006,JP1110,1,9,4,5.5
20210006,MI1144,1,2,9,4.1
20210007,MI1114,1,3,10,6.5
20210007,MIL1110,1,2,6,3.2
20210007,FL1101,1,8,5,7.1
20210007,IT2110,1,7,8,7.7
20210007,SSH1111,1,9,9,9
20210007,PE1014,1,10,8,9
20210007,IT2120,1,4,4,4
20210007,JP1110,1,1,5,3.8
20210007,MI1144,1,4,9,5.5
20210008,MI1114,1,1,3,2
20210008,MIL1110,1,3,4,3.3
20210008,FL1101,1,3,4,3.3
20210008,IT2110,1,2,9,6.9
20210008,SSH1111,1,5,4,4.5
20210008,PE1014,1,4,5,4.5
20210008,IT2120,1,6,6,6
20210008,JP1110,1,5,6,5.7
20210008,MI1144,1,3,4,3.3
20210009,MI1114,1,2,2,2
20210009,MIL1110,1,2,9,4.1
20210009,FL1101,1,9,1,6.6
20210009,IT2110,1,1,8,5.9
20210009,SSH1111,1,4,4,4
20210009,PE1014,1,6,4,5
20210009,IT2120,1,1,6,4
20210009,JP1110,1,2,7,5.5
20210009,MI1144,1,5,6,5.3
20210010,MI1114,1,2,7,4.5
20210010,MIL1110,1,7,8,7.3
20210010,FL1101,1,3,7,4.2
20210010,IT2110,1,8,9,8.7
20210010,SSH1111,1,6,2,4
20210010,PE1014,1,6,2,4
20210010,IT2120,1,6,8,7.2
20210010,JP1110,1,7,6,6.3
20210010,MI1144,1,2,10,4.4
20210011,MI1114,1,8,8,8
20210011,MIL1110,1,3,5,3.6
20210011,FL1101,1,8,2,6.2
20210011,IT2110,1,6,8,7.4
20210011,SSH1111,1,4,7,5.5
20210011,PE1014,1,8,4,6
20210011,IT2120,1,7,3,4.6
20210011,JP1110,1,8,10,9.4
20210011,MI1144,1,9,7,8.4
20210012,MI1114,1,3,4,3.5
20210012,MIL1110,1,4,5,4.3
20210012,FL1101,1,3,5,3.6
20210012,IT2110,1,5,7,6.4
20210012,SSH1111,1,6,7,6.5
20210012,PE1014,1,9,5,7
20210012,IT2120,1,10,3,5.8
20210012,JP1110,1,10,4,5.8
20210012,MI1144,1,5,3,4.4
20210013,MI1114,1,1,5,3
20210013,MIL1110,1,4,4,4
20210013,FL1101,1,8,7,7.7
20210013,IT2110,1,2,3,2.7
20210013,SSH1111,1,3,7,5
20210013,PE1014,1,7,2,4.5
20210013,IT2120,1,2,8,5.6
20210013,JP1110,1,5,6,5.7
20210013,MI1144,1,6,10,7.2
20210014,MI1114,1,4,4,4
20210014,MIL1110,1,4,9,5.5
20210014,FL1101,1,7,8,7.3
20210014,IT2110,1,2,5,4.1
20210014,SSH1111,1,7,5,6
20210014,PE1014,1,2,1,1.5
20210014,IT2120,1,5,4,4.4
20210014,JP1110,1,9,8,8.3
20210014,MI1144,1,7,5,6.4
20210015,MI1114,1,4,5,4.5
20210015,MIL1110,1,8,3,6.5
20210015,FL1101,1,2,6,3.2
20210015,IT2110,1,1,2,1.7
20210015,SSH1111,1,7,4,5.5
20210015,PE1014,1,3,5,4
20210015,IT2120,1,3,5,4.2
20210015,JP1110,1,1,5,3.8
20210015,MI1144,1,4,8,5.2
20210016,MI1114,1,3,6,4.5
20210016,MIL1110,1,6,4,5.4
20210016,FL1101,1,2,8,3.8
20210016,IT2110,1,4,5,4.7
20210016,SSH1111,1,7,8,7.5
20210016,PE1014,1,3,2,2.5
20210016,IT2120,1,7,6,6.4
20210016,JP1110,1,5,4,4.3
20210016,MI1144,1,6,8,6.6
20210017,MI1114,1,8,3,5.5
20210017,MIL1110,1,4,9,5.5
20210017,FL1101,1,5,5,5
20210017,IT2110,1,5,5,5
20210017,SSH1111,1,9,4,6.5
20210017,PE1014,1,5,6,5.5
20210017,IT2120,1,4,6,5.2
20210017,JP1110,1,3,7,5.8
20210017,MI1144,1,10,9,9.7
20210018,MI1114,1,2,4,3
20210018,MIL1110,1,9,3,7.2
20210018,FL1101,1,7,9,7.6
20210018,IT2110,1,6,2,3.2
20210018,SSH1111,1,10,4,7
20210018,PE1014,1,3,3,3
20210018,IT2120,1,5,3,3.8
20210018,JP1110,1,4,1,1.9
20210018,MI1144,1,3,3,3
20210019,MI1114,1,7,3,5
20210019,MIL1110,1,5,1,3.8
20210019,FL1101,1,7,3,5.8
20210019,IT2110,1,2,5,4.1
20210019,SSH1111,1,5,7,6
20210019,PE1014,1,8,5,6.5
20210019,IT2120,1,8,2,4.4
20210019,JP1110,1,9,3,4.8
20210019,MI1144,1,9,9,9
20210020,MI1114,1,6,6,6
20210020,MIL1110,1,4,6,4.6
20210020,FL1101,1,4,1,3.1
20210020,IT2110,1,4,9,7.5
20210020,SSH1111,1,6,8,7
20210020,PE1014,1,4,8,6
20210020,IT2120,1,3,2,2.4
20210020,JP1110,1,7,4,4.9
20210020,MI1144,1,4,6,4.6
20210021,MI1114,1,8,3,5.5
20210021,MIL1110,1,2,7,3.5
20210021,FL1101,1,2,3,2.3
20210021,IT2110,1,5,3,3.6
20210021,SSH1111,1,9,9,9
20210021,PE1014,1,1,9,5
20210021,IT2120,1,9,1,4.2
20210021,JP1110,1,5,9,7.8
20210021,MI1144,1,2,8,3.8
20210022,MI1114,1,6,5,5.5
20210022,MIL1110,1,10,2,7.6
20210022,FL1101,1,6,9,6.9
20210022,IT2110,1,3,1,1.6
20210022,SSH1111,1,6,5,5.5
20210022,PE1014,1,1,4,2.5
20210022,IT2120,1,5,8,6.8
20210022,JP1110,1,9,7,7.6
20210022,MI1144,1,10,7,9.1
20210023,MI1114,1,5,7,6
20210023,MIL1110,1,6,8,6.6
20210023,FL1101,1,8,10,8.6
20210023,IT2110,1,2,4,3.4
20210023,SSH1111,1,8,4,6
20210023,PE1014,1,4,6,5
20210023,IT2120,1,8,1,3.8
20210023,JP1110,1,7,2,3.5
20210023,MI1144,1,5,6,5.3
20210024,MI1114,1,3,2,2.5
20210024,MIL1110,1,9,9,9
20210024,FL1101,1,9,7,8.4
20210024,IT2110,1,5,7,6.4
20210024,SSH1111,1,5,7,6
20210024,PE1014,1,8,9,8.5
20210024,IT2120,1,6,10,8.4
20210024,JP1110,1,8,3,4.5
20210024,MI1144,1,4,1,3.1
20210025,MI1114,1,2,7,4.5
20210025,MIL1110,1,6,9,6.9
20210025,FL1101,1,7,9,7.6
20210025,IT2110,1,8,8,8
20210025,SSH1111,1,6,9,7.5
20210025,PE1014,1,4,3,3.5
20210025,IT2120,1,3,8,6
20210025,JP1110,1,5,9,7.8
20210025,MI1144,1,8,7,7.7
20210026,MI1114,1,7,2,4.5
20210026,MIL1110,1,7,3,5.8
20210026,FL1101,1,7,3,5.8
20210026,IT2110,1,5,6,5.7
20210026,SSH1111,1,6,6,6
20210026,PE1014,1,4,9,6.5
20210026,IT2120,1,9,7,7.8
20210026,JP1110,1,9,9,9
20210026,MI1144,1,8,4,6.8
20210027,MI1114,1,1,8,4.5
20210027,MIL1110,1,3,4,3.3
20210027,FL1101,1,2,4,2.6
20210027,IT2110,1,1,4,3.1
20210027,SSH1111,1,4,8,6
20210027,PE1014,1,9,8,8.5
20210027,IT2120,1,8,6,6.8
20210027,JP1110,1,10,3,5.1
20210027,MI1144,1,5,4,4.7
20210028,MI1114,1,5,4,4.5
20210028,MIL1110,1,2,1,1.7
20210028,FL1101,1,7,7,7
20210028,IT2110,1,4,9,7.5
20210028,PE1014,1,4,2,3
20210028,IT2120,1,7,3,4.6
20210028,SSH1111,1,3,3,3
20210028,JP1110,1,6,9,8.1
20210028,MI1144,1,8,6,7.4
20210029,MI1114,1,10,9,9.5
20210029,MIL1110,1,10,3,7.9
20210029,FL1101,1,4,2,3.4
20210029,IT2110,1,9,6,6.9
20210029,SSH1111,1,9,2,5.5
20210029,PE1014,1,8,2,5
20210029,IT2120,1,3,1,1.8
20210029,JP1110,1,2,5,4.1
20210029,MI1144,1,2,8,3.8
20210030,MI1114,1,7,2,4.5
20210030,MIL1110,1,3,6,3.9
20210030,FL1101,1,6,10,7.2
20210030,IT2110,1,6,3,3.9
20210030,SSH1111,1,1,8,4.5
20210030,PE1014,1,4,3,3.5
20210030,IT2120,1,9,6,7.2
20210030,JP1110,1,4,5,4.7
20210030,MI1144,1,9,2,6.9
20210031,MI1114,1,2,6,4
20210031,MIL1110,1,1,5,2.2
20210031,FL1101,1,5,6,5.3
20210031,IT2110,1,5,3,3.6
20210031,SSH1111,1,5,4,4.5
20210031,PE1014,1,10,3,6.5
20210031,IT2120,1,7,5,5.8
20210031,JP1110,1,6,6,6
20210031,MI1144,1,9,8,8.7
20210032,MI1114,1,8,9,8.5
20210032,MIL1110,1,3,5,3.6
20210032,FL1101,1,10,10,10
20210032,IT2110,1,6,3,3.9
20210032,SSH1111,1,9,1,5
20210032,PE1014,1,6,2,4
20210032,IT2120,1,2,2,2
20210032,JP1110,1,8,5,5.9
20210032,MI1144,1,3,9,4.8
20210033,MI1114,1,7,7,7
20210033,MIL1110,1,5,4,4.7
20210033,FL1101,1,9,2,6.9
20210033,IT2110,1,8,8,8
20210033,SSH1111,1,5,6,5.5
20210033,PE1014,1,7,5,6
20210033,IT2120,1,8,9,8.6
20210033,JP1110,1,9,9,9
20210033,MI1144,1,5,4,4.7
20210034,MI1114,1,7,5,6
20210034,MIL1110,1,5,8,5.9
20210034,FL1101,1,2,8,3.8
20210034,IT2110,1,2,9,6.9
20210034,SSH1111,1,5,5,5
20210034,PE1014,1,9,4,6.5
20210034,IT2120,1,7,6,6.4
20210034,JP1110,1,3,2,2.3
20210034,MI1144,1,5,7,5.6
20210035,MI1114,1,4,4,4
20210035,MIL1110,1,3,5,3.6
20210035,FL1101,1,10,5,8.5
20210035,IT2110,1,7,2,3.5
20210035,SSH1111,1,10,4,7
20210035,PE1014,1,9,9,9
20210035,IT2120,1,7,3,4.6
20210035,JP1110,1,6,8,7.4
20210035,MI1144,1,7,5,6.4
20210036,MI1114,1,4,3,3.5
20210036,MIL1110,1,2,6,3.2
20210036,FL1101,1,8,5,7.1
20210036,IT2110,1,9,6,6.9
20210036,SSH1111,1,1,7,4
20210036,PE1014,1,3,3,3
20210036,IT2120,1,6,8,7.2
20210036,JP1110,1,4,7,6.1
20210036,MI1144,1,8,5,7.1
20210037,MI1114,1,1,7,4
20210037,MIL1110,1,4,4,4
20210037,FL1101,1,6,8,6.6
20210037,IT2110,1,9,5,6.2
20210037,SSH1111,1,1,9,5
20210037,PE1014,1,8,2,5
20210037,IT2120,1,7,6,6.4
20210037,JP1110,1,3,2,2.3
20210037,MI1144,1,8,5,7.1
20210038,MI1114,1,7,9,8
20210038,MIL1110,1,7,5,6.4
20210038,FL1101,1,5,1,3.8
20210038,IT2110,1,4,5,4.7
20210038,SSH1111,1,8,4,6
20210038,PE1014,1,9,1,5
20210038,IT2120,1,5,8,6.8
20210038,JP1110,1,9,5,6.2
20210038,MI1144,1,2,8,3.8
20210039,MI1114,1,3,5,4
20210039,MIL1110,1,7,5,6.4
20210039,FL1101,1,3,9,4.8
20210039,IT2110,1,9,7,7.6
20210039,SSH1111,1,8,4,6
20210039,PE1014,1,3,4,3.5
20210039,IT2120,1,6,10,8.4
20210039,JP1110,1,4,6,5.4
20210039,MI1144,1,1,2,1.3
20210040,MI1114,1,9,4,6.5
20210040,MIL1110,1,3,8,4.5
20210040,FL1101,1,4,2,3.4
20210040,IT2110,1,2,1,1.3
20210040,SSH1111,1,4,8,6
20210040,PE1014,1,6,4,5
20210040,IT2120,1,7,5,5.8
20210040,JP1110,1,8,3,4.5
20210040,MI1144,1,6,5,5.7
20210041,MI1114,1,8,9,8.5
20210041,MIL1110,1,5,1,3.8
20210041,FL1101,1,2,6,3.2
20210041,IT2110,1,7,3,4.2
20210041,SSH1111,1,5,4,4.5
20210041,PE1014,1,2,4,3
20210041,IT2120,1,2,2,2
20210041,JP1110,1,10,7,7.9
20210041,MI1144,1,9,4,7.5
20210042,MI1114,1,9,7,8
20210042,MIL1110,1,2,2,2
20210042,FL1101,1,8,7,7.7
20210042,IT2110,1,5,3,3.6
20210042,SSH1111,1,3,9,6
20210042,PE1014,1,6,5,5.5
20210042,IT2120,1,7,3,4.6
20210042,JP1110,1,10,8,8.6
20210042,MI1144,1,6,8,6.6
20210043,MI1114,1,6,7,6.5
20210043,MIL1110,1,3,10,5.1
20210043,FL1101,1,6,5,5.7
20210043,IT2110,1,10,6,7.2
20210043,SSH1111,1,9,7,8
20210043,PE1014,1,6,8,7
20210043,IT2120,1,3,2,2.4
20210043,JP1110,1,7,4,4.9
20210043,MI1144,1,1,8,3.1
20210044,MI1114,1,2,6,4
20210044,MIL1110,1,7,10,7.9
20210044,FL1101,1,4,6,4.6
20210044,IT2110,1,2,9,6.9
20210044,SSH1111,1,8,5,6.5
20210044,PE1014,1,2,2,2
20210044,IT2120,1,4,10,7.6
20210044,JP1110,1,5,8,7.1
20210044,MI1144,1,8,6,7.4
20210045,MI1114,1,7,1,4
20210045,MIL1110,1,6,7,6.3
20210045,FL1101,1,2,7,3.5
20210045,IT2110,1,7,9,8.4
20210045,SSH1111,1,1,9,5
20210045,PE1014,1,7,6,6.5
20210045,IT2120,1,10,2,5.2
20210045,JP1110,1,10,8,8.6
20210045,MI1144,1,1,5,2.2
20210046,MI1114,1,8,8,8
20210046,MIL1110,1,8,5,7.1
20210046,FL1101,1,6,9,6.9
20210046,IT2110,1,3,8,6.5
20210046,SSH1111,1,9,4,6.5
20210046,PE1014,1,2,7,4.5
20210046,IT2120,1,4,9,7
20210046,JP1110,1,3,8,6.5
20210046,MI1144,1,2,3,2.3
20210047,MI1114,1,4,2,3
20210047,MIL1110,1,2,4,2.6
20210047,FL1101,1,6,1,4.5
20210047,IT2110,1,9,9,9
20210047,SSH1111,1,3,6,4.5
20210047,PE1014,1,6,9,7.5
20210047,IT2120,1,7,3,4.6
20210047,JP1110,1,4,2,2.6
20210047,MI1144,1,7,3,5.8
20210048,MI1114,1,8,6,7
20210048,MIL1110,1,7,5,6.4
20210048,FL1101,1,2,3,2.3
20210048,IT2110,1,7,1,2.8
20210048,SSH1111,1,6,8,7
20210048,PE1014,1,5,7,6
20210048,IT2120,1,2,2,2
20210048,JP1110,1,2,6,4.8
20210048,MI1144,1,6,10,7.2
20210049,MI1114,1,4,2,3
20210049,MIL1110,1,3,2,2.7
20210049,FL1101,1,2,10,4.4
20210049,IT2110,1,7,7,7
20210049,SSH1111,1,3,10,6.5
20210049,PE1014,1,8,6,7
20210049,IT2120,1,7,2,4
20210049,JP1110,1,10,2,4.4
20210049,MI1144,1,4,4,4
20210050,MI1114,1,8,9,8.5
20210050,MIL1110,1,6,5,5.7
20210050,FL1101,1,9,1,6.6
20210050,IT2110,1,7,6,6.3
20210050,SSH1111,1,7,10,8.5
20210050,PE1014,1,2,8,5
20210050,IT2120,1,5,4,4.4
20210050,JP1110,1,1,1,1
20210050,MI1144,1,2,5,2.9
20220001,MI1114,1,4,8,6
20220001,MIL1110,1,4,3,3.7
20220001,FL1101,1,2,9,4.1
20220001,IT2110,1,3,4,3.7
20220001,SSH1111,1,4,3,3.5
20220001,PE1014,1,2,4,3
20220001,IT2120,1,1,8,5.2
20220001,JP1110,1,7,1,2.8
20220001,MI1144,1,8,4,6.8
20220002,MI1114,1,5,1,3
20220002,MIL1110,1,5,9,6.2
20220002,FL1101,1,10,6,8.8
20220002,IT2110,1,7,3,4.2
20220002,SSH1111,1,2,2,2
20220002,PE1014,1,7,10,8.5
20220002,IT2120,1,9,6,7.2
20220002,JP1110,1,8,8,8
20220002,MI1144,1,9,9,9
20220003,MI1114,1,9,3,6
20220003,MIL1110,1,2,4,2.6
20220003,FL1101,1,1,1,1
20220003,IT2110,1,10,9,9.3
20220003,SSH1111,1,6,6,6
20220003,PE1014,1,3,2,2.5
20220003,IT2120,1,10,7,8.2
20220003,JP1110,1,8,2,3.8
20220003,MI1144,1,4,10,5.8
20220004,MI1114,1,4,9,6.5
20220004,MIL1110,1,3,3,3
20220004,FL1101,1,3,4,3.3
20220004,IT2110,1,2,7,5.5
20220004,SSH1111,1,8,2,5
20220004,PE1014,1,10,2,6
20220004,IT2120,1,9,3,5.4
20220004,JP1110,1,1,5,3.8
20220004,MI1144,1,5,5,5
20220005,MI1114,1,7,2,4.5
20220005,MIL1110,1,8,5,7.1
20220005,FL1101,1,8,2,6.2
20220005,IT2110,1,6,10,8.8
20220005,SSH1111,1,5,8,6.5
20220005,PE1014,1,5,7,6
20220005,IT2120,1,3,3,3
20220005,JP1110,1,6,3,3.9
20220005,MI1144,1,2,6,3.2
20220006,MI1114,1,8,7,7.5
20220006,MIL1110,1,8,2,6.2
20220006,FL1101,1,2,9,4.1
20220006,IT2110,1,4,1,1.9
20220006,SSH1111,1,4,3,3.5
20220006,PE1014,1,5,6,5.5
20220006,IT2120,1,3,3,3
20220006,JP1110,1,5,7,6.4
20220006,MI1144,1,8,2,6.2
20220007,MI1114,1,10,8,9
20220007,MIL1110,1,4,2,3.4
20220007,FL1101,1,7,6,6.7
20220007,IT2110,1,9,10,9.7
20220007,SSH1111,1,9,6,7.5
20220007,PE1014,1,1,9,5
20220007,IT2120,1,9,3,5.4
20220007,JP1110,1,4,9,7.5
20220007,MI1144,1,5,7,5.6
20220008,MI1114,1,6,5,5.5
20220008,MIL1110,1,9,9,9
20220008,FL1101,1,4,9,5.5
20220008,IT2110,1,2,7,5.5
20220008,SSH1111,1,9,3,6
20220008,PE1014,1,5,5,5
20220008,IT2120,1,2,9,6.2
20220008,JP1110,1,4,5,4.7
20220008,MI1144,1,1,9,3.4
20220009,MI1114,1,8,5,6.5
20220009,MIL1110,1,5,2,4.1
20220009,FL1101,1,4,8,5.2
20220009,IT2110,1,6,4,4.6
20220009,SSH1111,1,6,8,7
20220009,PE1014,1,6,8,7
20220009,IT2120,1,2,7,5
20220009,JP1110,1,3,1,1.6
20220009,MI1144,1,7,2,5.5
20220010,MI1114,1,2,5,3.5
20220010,MIL1110,1,9,8,8.7
20220010,FL1101,1,6,5,5.7
20220010,IT2110,1,2,3,2.7
20220010,SSH1111,1,2,6,4
20220010,PE1014,1,6,7,6.5
20220010,IT2120,1,5,9,7.4
20220010,JP1110,1,3,5,4.4
20220010,MI1144,1,7,3,5.8
20220011,MI1114,1,6,9,7.5
20220011,MIL1110,1,3,7,4.2
20220011,FL1101,1,6,10,7.2
20220011,IT2110,1,2,10,7.6
20220011,SSH1111,1,5,2,3.5
20220011,PE1014,1,4,4,4
20220011,IT2120,1,5,9,7.4
20220011,JP1110,1,7,7,7
20220011,MI1144,1,4,7,4.9
20220012,MI1114,1,9,9,9
20220012,MIL1110,1,2,6,3.2
20220012,FL1101,1,9,3,7.2
20220012,IT2110,1,3,10,7.9
20220012,SSH1111,1,6,7,6.5
20220012,PE1014,1,8,9,8.5
20220012,IT2120,1,5,7,6.2
20220012,JP1110,1,2,6,4.8
20220012,MI1144,1,5,10,6.5
20220013,MI1114,1,5,5,5
20220013,MIL1110,1,2,4,2.6
20220013,FL1101,1,3,3,3
20220013,IT2110,1,5,1,2.2
20220013,SSH1111,1,8,1,4.5
20220013,PE1014,1,1,4,2.5
20220013,IT2120,1,4,8,6.4
20220013,JP1110,1,4,5,4.7
20220013,MI1144,1,5,9,6.2
20220014,MI1114,1,8,6,7
20220014,MIL1110,1,1,8,3.1
20220014,FL1101,1,2,8,3.8
20220014,IT2110,1,9,6,6.9
20220014,SSH1111,1,3,2,2.5
20220014,PE1014,1,3,4,3.5
20220014,IT2120,1,3,6,4.8
20220014,JP1110,1,1,6,4.5
20220014,MI1144,1,7,6,6.7
20220015,MI1114,1,6,1,3.5
20220015,MIL1110,1,2,4,2.6
20220015,FL1101,1,4,10,5.8
20220015,IT2110,1,2,4,3.4
20220015,SSH1111,1,8,2,5
20220015,PE1014,1,8,3,5.5
20220015,IT2120,1,4,2,2.8
20220015,JP1110,1,4,9,7.5
20220015,MI1144,1,5,9,6.2
20220016,MI1114,1,10,3,6.5
20220016,MIL1110,1,2,4,2.6
20220016,FL1101,1,3,3,3
20220016,IT2110,1,3,8,6.5
20220016,SSH1111,1,1,2,1.5
20220016,PE1014,1,10,3,6.5
20220016,IT2120,1,6,2,3.6
20220016,JP1110,1,3,4,3.7
20220016,MI1144,1,4,8,5.2
20220017,MI1114,1,10,3,6.5
20220017,MIL1110,1,7,5,6.4
20220017,FL1101,1,1,4,1.9
20220017,IT2110,1,2,5,4.1
20220017,SSH1111,1,8,1,4.5
20220017,PE1014,1,9,4,6.5
20220017,IT2120,1,3,2,2.4
20220017,JP1110,1,8,8,8
20220017,MI1144,1,2,5,2.9
20220018,MI1114,1,7,8,7.5
20220018,MIL1110,1,7,3,5.8
20220018,FL1101,1,2,2,2
20220018,IT2110,1,5,6,5.7
20220018,SSH1111,1,1,7,4
20220018,PE1014,1,9,4,6.5
20220018,IT2120,1,4,2,2.8
20220018,JP1110,1,6,6,6
20220018,MI1144,1,5,6,5.3
20220019,MI1114,1,3,2,2.5
20220019,MIL1110,1,1,2,1.3
20220019,FL1101,1,3,4,3.3
20220019,IT2110,1,3,8,6.5
20220019,SSH1111,1,4,5,4.5
20220019,PE1014,1,6,8,7
20220019,IT2120,1,3,7,5.4
20220019,JP1110,1,7,10,9.1
20220019,MI1144,1,6,2,4.8
20220020,MI1114,1,10,7,8.5
20220020,MIL1110,1,7,4,6.1
20220020,FL1101,1,6,6,6
20220020,IT2110,1,3,9,7.2
20220020,SSH1111,1,1,2,1.5
20220020,PE1014,1,6,8,7
20220020,IT2120,1,7,4,5.2
20220020,JP1110,1,7,5,5.6
20220020,MI1144,1,6,5,5.7
20220021,MI1114,1,8,9,8.5
20220021,MIL1110,1,9,9,9
20220021,FL1101,1,4,6,4.6
20220021,IT2110,1,9,3,4.8
20220021,SSH1111,1,4,6,5
20220021,PE1014,1,7,2,4.5
20220021,IT2120,1,8,9,8.6
20220021,JP1110,1,6,7,6.7
20220021,MI1144,1,2,6,3.2
20220022,MI1114,1,8,2,5
20220022,MIL1110,1,6,7,6.3
20220022,FL1101,1,5,5,5
20220022,IT2110,1,7,8,7.7
20220022,SSH1111,1,9,7,8
20220022,PE1014,1,5,8,6.5
20220022,IT2120,1,5,1,2.6
20220022,JP1110,1,9,2,4.1
20220022,MI1144,1,2,9,4.1
20220023,MI1114,1,9,2,5.5
20220023,MIL1110,1,3,3,3
20220023,FL1101,1,2,3,2.3
20220023,IT2110,1,1,3,2.4
20220023,SSH1111,1,7,6,6.5
20220023,PE1014,1,7,8,7.5
20220023,IT2120,1,3,9,6.6
20220023,JP1110,1,3,3,3
20220023,MI1144,1,5,10,6.5
20220024,MI1114,1,3,4,3.5
20220024,MIL1110,1,5,8,5.9
20220024,FL1101,1,4,8,5.2
20220024,IT2110,1,4,9,7.5
20220024,SSH1111,1,4,5,4.5
20220024,PE1014,1,6,2,4
20220024,IT2120,1,4,6,5.2
20220024,JP1110,1,2,3,2.7
20220024,MI1144,1,7,2,5.5
20220025,MI1114,1,9,4,6.5
20220025,MIL1110,1,2,7,3.5
20220025,FL1101,1,4,3,3.7
20220025,IT2110,1,5,8,7.1
20220025,SSH1111,1,8,9,8.5
20220025,PE1014,1,2,4,3
20220025,IT2120,1,9,2,4.8
20220025,JP1110,1,10,2,4.4
20220025,MI1144,1,9,4,7.5
20220026,MI1114,1,3,7,5
20220026,MIL1110,1,6,10,7.2
20220026,FL1101,1,1,3,1.6
20220026,IT2110,1,9,2,4.1
20220026,SSH1111,1,3,6,4.5
20220026,PE1014,1,10,5,7.5
20220026,IT2120,1,7,2,4
20220026,JP1110,1,3,9,7.2
20220026,MI1144,1,8,9,8.3
20220027,MI1114,1,2,8,5
20220027,MIL1110,1,10,9,9.7
20220027,FL1101,1,9,2,6.9
20220027,IT2110,1,8,3,4.5
20220027,SSH1111,1,2,10,6
20220027,PE1014,1,7,4,5.5
20220027,IT2120,1,2,5,3.8
20220027,JP1110,1,8,7,7.3
20220027,MI1144,1,4,7,4.9
20220028,MI1114,1,7,6,6.5
20220028,MIL1110,1,1,8,3.1
20220028,FL1101,1,4,4,4
20220028,IT2110,1,1,1,1
20220028,SSH1111,1,5,7,6
20220028,PE1014,1,2,3,2.5
20220028,IT2120,1,7,7,7
20220028,JP1110,1,7,4,4.9
20220028,MI1144,1,10,4,8.2
20220029,MI1114,1,7,6,6.5
20220029,MIL1110,1,6,9,6.9
20220029,FL1101,1,9,5,7.8
20220029,IT2110,1,10,5,6.5
20220029,SSH1111,1,7,6,6.5
20220029,PE1014,1,3,3,3
20220029,IT2120,1,5,5,5
20220029,JP1110,1,9,10,9.7
20220029,MI1144,1,8,1,5.9
20220030,MI1114,1,6,3,4.5
20220030,MIL1110,1,3,8,4.5
20220030,FL1101,1,3,7,4.2
20220030,IT2110,1,10,7,7.9
20220030,SSH1111,1,5,4,4.5
20220030,PE1014,1,8,1,4.5
20220030,IT2120,1,6,8,7.2
20220030,JP1110,1,9,1,3.4
20220030,MI1144,1,7,3,5.8
20220031,MI1114,1,9,6,7.5
20220031,MIL1110,1,2,2,2
20220031,FL1101,1,4,7,4.9
20220031,IT2110,1,5,4,4.3
20220031,SSH1111,1,8,8,8
20220031,PE1014,1,6,7,6.5
20220031,IT2120,1,5,5,5
20220031,JP1110,1,5,6,5.7
20220031,MI1144,1,8,9,8.3
20220032,MI1114,1,5,8,6.5
20220032,MIL1110,1,9,5,7.8
20220032,FL1101,1,8,7,7.7
20220032,IT2110,1,3,7,5.8
20220032,SSH1111,1,4,5,4.5
20220032,PE1014,1,8,8,8
20220032,IT2120,1,8,6,6.8
20220032,JP1110,1,4,8,6.8
20220032,MI1144,1,4,7,4.9
20220033,MI1114,1,4,7,5.5
20220033,MIL1110,1,3,4,3.3
20220033,FL1101,1,10,8,9.4
20220033,IT2110,1,7,9,8.4
20220033,SSH1111,1,5,8,6.5
20220033,PE1014,1,6,6,6
20220033,IT2120,1,8,3,5
20220033,JP1110,1,1,10,7.3
20220033,MI1144,1,7,8,7.3
20220034,MI1114,1,5,10,7.5
20220034,MIL1110,1,2,10,4.4
20220034,FL1101,1,8,7,7.7
20220034,IT2110,1,7,2,3.5
20220034,SSH1111,1,3,2,2.5
20220034,PE1014,1,7,8,7.5
20220034,IT2120,1,4,7,5.8
20220034,JP1110,1,8,3,4.5
20220034,MI1144,1,7,2,5.5
20220035,MI1114,1,9,3,6
20220035,MIL1110,1,10,4,8.2
20220035,FL1101,1,9,5,7.8
20220035,IT2110,1,5,10,8.5
20220035,SSH1111,1,8,10,9
20220035,PE1014,1,8,7,7.5
20220035,IT2120,1,8,3,5
20220035,JP1110,1,4,1,1.9
20220035,MI1144,1,9,5,7.8
20220036,MI1114,1,5,7,6
20220036,MIL1110,1,6,7,6.3
20220036,FL1101,1,7,7,7
20220036,IT2110,1,3,5,4.4
20220036,SSH1111,1,10,7,8.5
20220036,PE1014,1,3,3,3
20220036,IT2120,1,7,5,5.8
20220036,JP1110,1,6,2,3.2
20220036,MI1144,1,3,2,2.7
20220037,MI1114,1,9,2,5.5
20220037,MIL1110,1,7,6,6.7
20220037,FL1101,1,8,3,6.5
20220037,IT2110,1,3,4,3.7
20220037,SSH1111,1,2,6,4
20220037,PE1014,1,8,4,6
20220037,IT2120,1,5,2,3.2
20220037,JP1110,1,10,6,7.2
20220037,MI1144,1,1,4,1.9
20220038,MI1114,1,6,2,4
20220038,MIL1110,1,4,1,3.1
20220038,FL1101,1,6,2,4.8
20220038,IT2110,1,6,7,6.7
20220038,SSH1111,1,7,7,7
20220038,PE1014,1,8,3,5.5
20220038,IT2120,1,1,4,2.8
20220038,JP1110,1,9,8,8.3
20220038,MI1144,1,9,9,9
20220039,MI1114,1,2,2,2
20220039,MIL1110,1,9,3,7.2
20220039,FL1101,1,2,5,2.9
20220039,IT2110,1,7,6,6.3
20220039,SSH1111,1,5,9,7
20220039,PE1014,1,4,3,3.5
20220039,IT2120,1,6,7,6.6
20220039,JP1110,1,4,6,5.4
20220039,MI1144,1,9,10,9.3
20220040,MI1114,1,2,3,2.5
20220040,MIL1110,1,5,9,6.2
20220040,FL1101,1,8,3,6.5
20220040,IT2110,1,3,1,1.6
20220040,SSH1111,1,6,5,5.5
20220040,PE1014,1,3,7,5
20220040,IT2120,1,8,4,5.6
20220040,JP1110,1,5,7,6.4
20220040,MI1144,1,10,6,8.8
20220041,MI1114,1,9,1,5
20220041,MIL1110,1,5,8,5.9
20220041,FL1101,1,5,10,6.5
20220041,IT2110,1,5,6,5.7
20220041,SSH1111,1,5,3,4
20220041,PE1014,1,9,2,5.5
20220041,IT2120,1,1,7,4.6
20220041,JP1110,1,9,7,7.6
20220041,MI1144,1,4,5,4.3
20220042,MI1114,1,8,1,4.5
20220042,MIL1110,1,4,10,5.8
20220042,FL1101,1,2,8,3.8
20220042,IT2110,1,5,6,5.7
20220042,SSH1111,1,8,5,6.5
20220042,PE1014,1,1,10,5.5
20220042,IT2120,1,10,2,5.2
20220042,JP1110,1,4,2,2.6
20220042,MI1144,1,6,7,6.3
20220043,MI1114,1,3,4,3.5
20220043,MIL1110,1,9,3,7.2
20220043,FL1101,1,2,2,2
20220043,IT2110,1,5,1,2.2
20220043,SSH1111,1,3,8,5.5
20220043,PE1014,1,3,3,3
20220043,IT2120,1,3,2,2.4
20220043,JP1110,1,2,4,3.4
20220043,MI1144,1,7,10,7.9
20220044,MI1114,1,7,2,4.5
20220044,MIL1110,1,8,3,6.5
20220044,FL1101,1,3,1,2.4
20220044,IT2110,1,6,8,7.4
20220044,SSH1111,1,8,6,7
20220044,PE1014,1,4,9,6.5
20220044,IT2120,1,4,3,3.4
20220044,JP1110,1,10,8,8.6
20220044,MI1144,1,5,7,5.6
20220045,MI1114,1,5,6,5.5
20220045,MIL1110,1,9,3,7.2
20220045,FL1101,1,3,7,4.2
20220045,IT2110,1,9,6,6.9
20220045,SSH1111,1,7,8,7.5
20220045,PE1014,1,8,7,7.5
20220045,IT2120,1,8,1,3.8
20220045,JP1110,1,2,9,6.9
20220045,MI1144,1,1,1,1
20220046,MI1114,1,9,7,8
20220046,MIL1110,1,5,9,6.2
20220046,FL1101,1,6,2,4.8
20220046,IT2110,1,3,3,3
20220046,SSH1111,1,6,6,6
20220046,PE1014,1,8,8,8
20220046,IT2120,1,7,8,7.6
20220046,JP1110,1,3,10,7.9
20220046,MI1144,1,10,5,8.5
20220047,MI1114,1,2,10,6
20220047,MIL1110,1,7,4,6.1
20220047,FL1101,1,10,7,9.1
20220047,IT2110,1,9,5,6.2
20220047,SSH1111,1,2,9,5.5
20220047,PE1014,1,3,3,3
20220047,IT2120,1,2,5,3.8
20220047,JP1110,1,2,6,4.8
20220047,MI1144,1,3,5,3.6
20220048,MI1114,1,8,2,5
20220048,MIL1110,1,3,7,4.2
20220048,FL1101,1,5,5,5
20220048,IT2110,1,5,7,6.4
20220048,SSH1111,1,8,9,8.5
20220048,PE1014,1,10,8,9
20220048,IT2120,1,6,7,6.6
20220048,JP1110,1,5,2,2.9
20220048,MI1144,1,2,3,2.3
20220049,MI1114,1,8,1,4.5
20220049,MIL1110,1,5,7,5.6
20220049,FL1101,1,4,9,5.5
20220049,IT2110,1,6,2,3.2
20220049,SSH1111,1,3,4,3.5
20220049,PE1014,1,4,1,2.5
20220049,IT2120,1,10,5,7
20220049,JP1110,1,3,1,1.6
20220049,MI1144,1,3,7,4.2
20220050,MI1114,1,1,10,5.5
20220050,MIL1110,1,2,1,1.7
20220050,FL1101,1,4,7,4.9
20220050,IT2110,1,7,2,3.5
20220050,SSH1111,1,7,6,6.5
20220050,PE1014,1,7,5,6
20220050,IT2120,1,1,5,3.4
20220050,JP1110,1,3,6,5.1
20220050,MI1144,1,7,7,7
20220051,MI1114,1,6,7,6.5
20220051,MIL1110,1,7,1,5.2
20220051,FL1101,1,4,3,3.7
20220051,IT2110,1,3,7,5.8
20220051,SSH1111,1,8,4,6
20220051,QT0413,1,3,3,3
20220051,PE1014,1,4,2,3
20220051,IT2120,1,8,5,6.2
20220051,MI1144,1,8,8,8
20220052,MI1114,1,9,7,8
20220052,MIL1110,1,4,3,3.7
20220052,FL1101,1,5,10,6.5
20220052,IT2110,1,3,6,5.1
20220052,SSH1111,1,3,6,4.5
20220052,QT0413,1,8,3,4.5
20220052,PE1014,1,1,9,5
20220052,IT2120,1,8,10,9.2
20220052,MI1144,1,3,1,2.4
20220053,MI1114,1,9,7,8
20220053,MIL1110,1,7,2,5.5
20220053,FL1101,1,2,3,2.3
20220053,IT2110,1,7,7,7
20220053,SSH1111,1,3,7,5
20220053,QT0413,1,7,9,8.4
20220053,PE1014,1,6,7,6.5
20220053,IT2120,1,3,5,4.2
20220053,MI1144,1,3,8,4.5
20220054,MI1114,1,10,6,8
20220054,MIL1110,1,10,1,7.3
20220054,FL1101,1,6,3,5.1
20220054,IT2110,1,6,3,3.9
20220054,SSH1111,1,8,3,5.5
20220054,QT0413,1,6,3,3.9
20220054,PE1014,1,2,1,1.5
20220054,IT2120,1,6,2,3.6
20220054,MI1144,1,5,7,5.6
20220055,MI1114,1,5,9,7
20220055,MIL1110,1,5,5,5
20220055,FL1101,1,9,5,7.8
20220055,IT2110,1,1,1,1
20220055,SSH1111,1,2,5,3.5
20220055,QT0413,1,5,4,4.3
20220055,PE1014,1,1,8,4.5
20220055,IT2120,1,6,9,7.8
20220055,MI1144,1,2,9,4.1
20220056,MI1114,1,3,5,4
20220056,MIL1110,1,6,1,4.5
20220056,FL1101,1,7,4,6.1
20220056,IT2110,1,9,6,6.9
20220056,SSH1111,1,8,8,8
20220056,QT0413,1,7,5,5.6
20220056,PE1014,1,9,6,7.5
20220056,IT2120,1,6,10,8.4
20220056,MI1144,1,4,5,4.3
20220057,MI1114,1,7,8,7.5
20220057,MIL1110,1,6,8,6.6
20220057,FL1101,1,4,9,5.5
20220057,IT2110,1,9,9,9
20220057,SSH1111,1,4,5,4.5
20220057,QT0413,1,3,4,3.7
20220057,PE1014,1,5,7,6
20220057,IT2120,1,9,7,7.8
20220057,MI1144,1,10,6,8.8
20220058,MI1114,1,5,6,5.5
20220058,MIL1110,1,9,10,9.3
20220058,FL1101,1,6,9,6.9
20220058,IT2110,1,5,7,6.4
20220058,SSH1111,1,5,8,6.5
20220058,QT0413,1,4,10,8.2
20220058,PE1014,1,1,5,3
20220058,IT2120,1,7,2,4
20220058,MI1144,1,4,5,4.3
20220059,MI1114,1,1,9,5
20220059,MIL1110,1,9,5,7.8
20220059,FL1101,1,8,9,8.3
20220059,IT2110,1,7,8,7.7
20220059,SSH1111,1,7,7,7
20220059,QT0413,1,6,10,8.8
20220059,PE1014,1,10,9,9.5
20220059,IT2120,1,9,7,7.8
20220059,MI1144,1,2,4,2.6
20220060,MI1114,1,3,4,3.5
20220060,MIL1110,1,5,3,4.4
20220060,FL1101,1,3,2,2.7
20220060,IT2110,1,5,6,5.7
20220060,SSH1111,1,8,2,5
20220060,QT0413,1,5,4,4.3
20220060,PE1014,1,9,9,9
20220060,IT2120,1,6,8,7.2
20220060,MI1144,1,5,7,5.6
20220061,MI1114,1,5,5,5
20220061,MIL1110,1,4,10,5.8
20220061,FL1101,1,10,1,7.3
20220061,IT2110,1,5,3,3.6
20220061,SSH1111,1,1,9,5
20220061,QT0413,1,7,3,4.2
20220061,PE1014,1,7,6,6.5
20220061,IT2120,1,7,2,4
20220061,MI1144,1,5,3,4.4
20220062,MI1114,1,7,3,5
20220062,MIL1110,1,2,3,2.3
20220062,FL1101,1,2,6,3.2
20220062,IT2110,1,4,10,8.2
20220062,SSH1111,1,4,8,6
20220062,QT0413,1,3,2,2.3
20220062,PE1014,1,6,6,6
20220062,IT2120,1,4,9,7
20220062,MI1144,1,9,4,7.5
20220063,MI1114,1,6,7,6.5
20220063,MIL1110,1,2,3,2.3
20220063,FL1101,1,8,6,7.4
20220063,IT2110,1,2,2,2
20220063,SSH1111,1,4,9,6.5
20220063,QT0413,1,4,10,8.2
20220063,PE1014,1,2,7,4.5
20220063,IT2120,1,9,7,7.8
20220063,MI1144,1,3,5,3.6
20220064,MI1114,1,3,7,5
20220064,MIL1110,1,9,7,8.4
20220064,FL1101,1,3,7,4.2
20220064,IT2110,1,8,4,5.2
20220064,SSH1111,1,10,5,7.5
20220064,QT0413,1,9,5,6.2
20220064,PE1014,1,6,6,6
20220064,IT2120,1,2,2,2
20220064,MI1144,1,1,3,1.6
20220065,MI1114,1,6,5,5.5
20220065,MIL1110,1,8,5,7.1
20220065,FL1101,1,3,2,2.7
20220065,IT2110,1,7,6,6.3
20220065,SSH1111,1,3,6,4.5
20220065,QT0413,1,8,5,5.9
20220065,PE1014,1,8,6,7
20220065,IT2120,1,7,7,7
20220065,MI1144,1,7,2,5.5
20220066,MI1114,1,2,8,5
20220066,MIL1110,1,9,4,7.5
20220066,FL1101,1,4,7,4.9
20220066,IT2110,1,10,4,5.8
20220066,SSH1111,1,10,8,9
20220066,QT0413,1,8,4,5.2
20220066,PE1014,1,4,4,4
20220066,IT2120,1,6,3,4.2
20220066,MI1144,1,5,4,4.7
20220067,MI1114,1,5,6,5.5
20220067,MIL1110,1,10,4,8.2
20220067,FL1101,1,1,6,2.5
20220067,IT2110,1,4,1,1.9
20220067,SSH1111,1,6,2,4
20220067,QT0413,1,4,4,4
20220067,PE1014,1,7,5,6
20220067,IT2120,1,7,6,6.4
20220067,MI1144,1,8,6,7.4
20220068,MI1114,1,5,10,7.5
20220068,MIL1110,1,5,1,3.8
20220068,FL1101,1,5,4,4.7
20220068,IT2110,1,4,3,3.3
20220068,SSH1111,1,3,2,2.5
20220068,QT0413,1,8,10,9.4
20220068,PE1014,1,5,3,4
20220068,IT2120,1,6,1,3
20220068,MI1144,1,7,6,6.7
20220069,MI1114,1,4,2,3
20220069,MIL1110,1,8,10,8.6
20220069,FL1101,1,8,7,7.7
20220069,IT2110,1,5,9,7.8
20220069,SSH1111,1,8,2,5
20220069,QT0413,1,5,3,3.6
20220069,PE1014,1,5,5,5
20220069,IT2120,1,1,9,5.8
20220069,MI1144,1,7,2,5.5
20220070,MI1114,1,3,9,6
20220070,MIL1110,1,6,1,4.5
20220070,FL1101,1,6,5,5.7
20220070,IT2110,1,4,5,4.7
20220070,SSH1111,1,8,2,5
20220070,QT0413,1,3,8,6.5
20220070,PE1014,1,10,7,8.5
20220070,IT2120,1,4,1,2.2
20220070,MI1144,1,4,4,4
20220071,MI1114,1,4,3,3.5
20220071,MIL1110,1,4,6,4.6
20220071,FL1101,1,3,4,3.3
20220071,IT2110,1,3,2,2.3
20220071,SSH1111,1,5,2,3.5
20220071,QT0413,1,7,9,8.4
20220071,PE1014,1,6,5,5.5
20220071,IT2120,1,1,3,2.2
20220071,MI1144,1,8,9,8.3
20220072,MI1114,1,5,7,6
20220072,MIL1110,1,1,5,2.2
20220072,FL1101,1,5,4,4.7
20220072,IT2110,1,6,6,6
20220072,SSH1111,1,9,6,7.5
20220072,QT0413,1,5,1,2.2
20220072,PE1014,1,4,5,4.5
20220072,IT2120,1,7,7,7
20220072,MI1144,1,2,3,2.3
20220073,MI1114,1,3,7,5
20220073,MIL1110,1,7,2,5.5
20220073,FL1101,1,4,9,5.5
20220073,IT2110,1,10,4,5.8
20220073,SSH1111,1,4,4,4
20220073,QT0413,1,9,6,6.9
20220073,PE1014,1,3,5,4
20220073,IT2120,1,1,10,6.4
20220073,MI1144,1,6,10,7.2
20220074,MI1114,1,5,5,5
20220074,MIL1110,1,8,6,7.4
20220074,FL1101,1,10,9,9.7
20220074,IT2110,1,9,6,6.9
20220074,SSH1111,1,1,5,3
20220074,QT0413,1,5,9,7.8
20220074,PE1014,1,9,7,8
20220074,IT2120,1,5,4,4.4
20220074,MI1144,1,6,7,6.3
20220075,MI1114,1,7,7,7
20220075,MIL1110,1,9,4,7.5
20220075,FL1101,1,6,10,7.2
20220075,IT2110,1,2,3,2.7
20220075,SSH1111,1,5,4,4.5
20220075,QT0413,1,2,2,2
20220075,PE1014,1,4,7,5.5
20220075,IT2120,1,8,9,8.6
20220075,MI1144,1,5,5,5
20220076,MI1114,1,6,5,5.5
20220076,MIL1110,1,6,1,4.5
20220076,FL1101,1,6,7,6.3
20220076,IT2110,1,4,8,6.8
20220076,SSH1111,1,3,8,5.5
20220076,QT0413,1,6,4,4.6
20220076,PE1014,1,8,2,5
20220076,IT2120,1,3,2,2.4
20220076,MI1144,1,7,9,7.6
20220077,MI1114,1,3,4,3.5
20220077,MIL1110,1,7,8,7.3
20220077,FL1101,1,6,10,7.2
20220077,IT2110,1,5,4,4.3
20220077,SSH1111,1,10,8,9
20220077,QT0413,1,1,4,3.1
20220077,PE1014,1,4,2,3
20220077,IT2120,1,2,5,3.8
20220077,MI1144,1,2,6,3.2
20220078,MI1114,1,3,5,4
20220078,MIL1110,1,4,3,3.7
20220078,FL1101,1,4,10,5.8
20220078,IT2110,1,9,3,4.8
20220078,SSH1111,1,7,5,6
20220078,QT0413,1,5,10,8.5
20220078,PE1014,1,8,6,7
20220078,IT2120,1,2,9,6.2
20220078,MI1144,1,2,6,3.2
20220079,MI1114,1,5,9,7
20220079,MIL1110,1,6,1,4.5
20220079,FL1101,1,5,5,5
20220079,IT2110,1,2,8,6.2
20220079,SSH1111,1,9,2,5.5
20220079,QT0413,1,7,2,3.5
20220079,PE1014,1,6,5,5.5
20220079,IT2120,1,1,5,3.4
20220079,MI1144,1,9,3,7.2
20220080,MI1114,1,4,3,3.5
20220080,MIL1110,1,2,5,2.9
20220080,FL1101,1,10,8,9.4
20220080,IT2110,1,6,6,6
20220080,SSH1111,1,9,3,6
20220080,QT0413,1,8,9,8.7
20220080,PE1014,1,10,2,6
20220080,IT2120,1,7,2,4
20220080,MI1144,1,9,5,7.8
20220081,MI1114,1,2,1,1.5
20220081,MIL1110,1,3,2,2.7
20220081,FL1101,1,8,8,8
20220081,IT2110,1,4,6,5.4
20220081,SSH1111,1,2,9,5.5
20220081,QT0413,1,8,6,6.6
20220081,PE1014,1,5,6,5.5
20220081,IT2120,1,9,8,8.4
20220081,MI1144,1,3,3,3
20220082,MI1114,1,4,2,3
20220082,MIL1110,1,2,4,2.6
20220082,FL1101,1,7,6,6.7
20220082,IT2110,1,7,7,7
20220082,SSH1111,1,1,2,1.5
20220082,QT0413,1,9,6,6.9
20220082,PE1014,1,2,9,5.5
20220082,IT2120,1,1,9,5.8
20220082,MI1144,1,9,3,7.2
20220083,MI1114,1,2,6,4
20220083,MIL1110,1,10,1,7.3
20220083,FL1101,1,9,7,8.4
20220083,IT2110,1,3,2,2.3
20220083,SSH1111,1,3,7,5
20220083,QT0413,1,7,1,2.8
20220083,PE1014,1,8,6,7
20220083,IT2120,1,10,5,7
20220083,MI1144,1,5,3,4.4
20220084,MI1114,1,10,8,9
20220084,MIL1110,1,6,2,4.8
20220084,FL1101,1,7,4,6.1
20220084,IT2110,1,3,1,1.6
20220084,SSH1111,1,7,9,8
20220084,QT0413,1,9,9,9
20220084,PE1014,1,8,7,7.5
20220084,IT2120,1,9,5,6.6
20220084,MI1144,1,2,3,2.3
20220085,MI1114,1,9,2,5.5
20220085,MIL1110,1,5,7,5.6
20220085,FL1101,1,6,2,4.8
20220085,IT2110,1,1,3,2.4
20220085,SSH1111,1,9,2,5.5
20220085,QT0413,1,1,8,5.9
20220085,PE1014,1,3,5,4
20220085,IT2120,1,6,1,3
20220085,MI1144,1,4,7,4.9
20220086,MI1114,1,2,2,2
20220086,MIL1110,1,6,8,6.6
20220086,FL1101,1,3,3,3
20220086,IT2110,1,2,8,6.2
20220086,SSH1111,1,9,4,6.5
20220086,QT0413,1,5,9,7.8
20220086,PE1014,1,7,6,6.5
20220086,IT2120,1,2,3,2.6
20220086,MI1144,1,9,7,8.4
20220087,MI1114,1,7,5,6
20220087,MIL1110,1,9,5,7.8
20220087,FL1101,1,7,10,7.9
20220087,IT2110,1,6,4,4.6
20220087,SSH1111,1,1,4,2.5
20220087,QT0413,1,6,4,4.6
20220087,PE1014,1,5,8,6.5
20220087,IT2120,1,8,2,4.4
20220087,MI1144,1,4,3,3.7
20220088,MI1114,1,3,6,4.5
20220088,MIL1110,1,3,8,4.5
20220088,FL1101,1,6,6,6
20220088,IT2110,1,7,6,6.3
20220088,SSH1111,1,7,6,6.5
20220088,QT0413,1,9,5,6.2
20220088,PE1014,1,2,9,5.5
20220088,IT2120,1,9,10,9.6
20220088,MI1144,1,3,5,3.6
20220089,MI1114,1,8,4,6
20220089,MIL1110,1,4,4,4
20220089,FL1101,1,5,3,4.4
20220089,IT2110,1,4,9,7.5
20220089,SSH1111,1,9,7,8
20220089,QT0413,1,1,7,5.2
20220089,PE1014,1,2,7,4.5
20220089,IT2120,1,9,6,7.2
20220089,MI1144,1,8,8,8
20220090,MI1114,1,6,3,4.5
20220090,MIL1110,1,3,2,2.7
20220090,FL1101,1,6,10,7.2
20220090,IT2110,1,2,1,1.3
20220090,SSH1111,1,5,4,4.5
20220090,QT0413,1,1,10,7.3
20220090,PE1014,1,3,5,4
20220090,IT2120,1,3,5,4.2
20220090,MI1144,1,4,3,3.7
20220091,MI1114,1,1,5,3
20220091,MIL1110,1,9,9,9
20220091,FL1101,1,8,7,7.7
20220091,IT2110,1,3,5,4.4
20220091,SSH1111,1,2,6,4
20220091,QT0413,1,7,3,4.2
20220091,PE1014,1,2,3,2.5
20220091,IT2120,1,3,1,1.8
20220091,MI1144,1,8,8,8
20220092,MI1114,1,6,7,6.5
20220092,MIL1110,1,7,8,7.3
20220092,FL1101,1,3,2,2.7
20220092,IT2110,1,7,5,5.6
20220092,SSH1111,1,2,10,6
20220092,QT0413,1,4,2,2.6
20220092,PE1014,1,10,6,8
20220092,IT2120,1,9,9,9
20220092,MI1144,1,3,4,3.3
20220093,MI1114,1,10,2,6
20220093,MIL1110,1,5,4,4.7
20220093,FL1101,1,8,5,7.1
20220093,IT2110,1,8,10,9.4
20220093,SSH1111,1,9,7,8
20220093,QT0413,1,5,5,5
20220093,PE1014,1,1,4,2.5
20220093,IT2120,1,4,9,7
20220093,MI1144,1,5,9,6.2
20220094,MI1114,1,9,9,9
20220094,MIL1110,1,2,4,2.6
20220094,FL1101,1,8,1,5.9
20220094,IT2110,1,5,7,6.4
20220094,SSH1111,1,7,10,8.5
20220094,QT0413,1,4,2,2.6
20220094,PE1014,1,8,2,5
20220094,IT2120,1,3,4,3.6
20220094,MI1144,1,3,10,5.1
20220095,MI1114,1,5,7,6
20220095,MIL1110,1,7,7,7
20220095,FL1101,1,9,3,7.2
20220095,IT2110,1,1,7,5.2
20220095,SSH1111,1,3,7,5
20220095,QT0413,1,9,9,9
20220095,PE1014,1,5,9,7
20220095,IT2120,1,4,4,4
20220095,MI1144,1,10,2,7.6
20220096,MI1114,1,7,5,6
20220096,MIL1110,1,1,8,3.1
20220096,FL1101,1,4,3,3.7
20220096,IT2110,1,8,4,5.2
20220096,SSH1111,1,5,4,4.5
20220096,QT0413,1,3,5,4.4
20220096,PE1014,1,6,3,4.5
20220096,IT2120,1,9,8,8.4
20220096,MI1144,1,2,6,3.2
20220097,MI1114,1,3,10,6.5
20220097,MIL1110,1,2,9,4.1
20220097,FL1101,1,6,5,5.7
20220097,IT2110,1,4,8,6.8
20220097,SSH1111,1,5,9,7
20220097,QT0413,1,8,9,8.7
20220097,PE1014,1,5,2,3.5
20220097,IT2120,1,3,7,5.4
20220097,MI1144,1,8,4,6.8
20220098,MI1114,1,10,9,9.5
20220098,MIL1110,1,9,6,8.1
20220098,FL1101,1,10,7,9.1
20220098,IT2110,1,3,7,5.8
20220098,SSH1111,1,9,8,8.5
20220098,QT0413,1,6,3,3.9
20220098,PE1014,1,5,8,6.5
20220098,IT2120,1,5,7,6.2
20220098,MI1144,1,9,3,7.2
20220099,MI1114,1,7,4,5.5
20220099,MIL1110,1,7,1,5.2
20220099,FL1101,1,6,9,6.9
20220099,IT2110,1,9,4,5.5
20220099,SSH1111,1,9,2,5.5
20220099,QT0413,1,7,4,4.9
20220099,PE1014,1,5,1,3
20220099,IT2120,1,7,6,6.4
20220099,MI1144,1,8,8,8
20220100,MI1114,1,8,2,5
20220100,MIL1110,1,7,2,5.5
20220100,FL1101,1,6,4,5.4
20220100,IT2110,1,5,1,2.2
20220100,SSH1111,1,8,7,7.5
20220100,QT0413,1,10,7,7.9
20220100,PE1014,1,9,5,7
20220100,IT2120,1,7,5,5.8
20220100,MI1144,1,9,4,7.5
20220101,MIL1110,1,8,4,6.8
20220101,IT2110,1,10,7,7.9
20220101,SSH1111,1,10,6,8
20220101,PE1014,1,8,1,4.5
20220101,MI1114E,1,5,1,3
20220101,IT2120,1,8,8,8
20220101,MI1144E,1,4,3,3.7
20220102,MIL1110,1,8,3,6.5
20220102,IT2110,1,8,7,7.3
20220102,SSH1111,1,6,1,3.5
20220102,PE1014,1,5,4,4.5
20220102,MI1114E,1,3,6,4.5
20220102,IT2120,1,8,6,6.8
20220102,MI1144E,1,8,2,6.2
20220103,MIL1110,1,6,5,5.7
20220103,IT2110,1,7,4,4.9
20220103,SSH1111,1,6,1,3.5
20220103,PE1014,1,8,5,6.5
20220103,MI1114E,1,9,9,9
20220103,IT2120,1,10,3,5.8
20220103,MI1144E,1,4,8,5.2
20220104,MIL1110,1,7,1,5.2
20220104,IT2110,1,8,7,7.3
20220104,SSH1111,1,4,4,4
20220104,PE1014,1,5,7,6
20220104,MI1114E,1,7,8,7.5
20220104,IT2120,1,9,7,7.8
20220104,MI1144E,1,6,5,5.7
20220105,MIL1110,1,8,5,7.1
20220105,IT2110,1,7,7,7
20220105,SSH1111,1,7,2,4.5
20220105,PE1014,1,8,9,8.5
20220105,MI1114E,1,5,3,4
20220105,IT2120,1,8,9,8.6
20220105,MI1144E,1,9,7,8.4
20220106,MIL1110,1,7,9,7.6
20220106,IT2110,1,1,6,4.5
20220106,SSH1111,1,8,5,6.5
20220106,PE1014,1,1,5,3
20220106,MI1114E,1,6,8,7
20220106,IT2120,1,8,6,6.8
20220106,MI1144E,1,3,3,3
20220107,MIL1110,1,2,5,2.9
20220107,IT2110,1,7,10,9.1
20220107,SSH1111,1,8,8,8
20220107,PE1014,1,4,10,7
20220107,MI1114E,1,4,7,5.5
20220107,IT2120,1,4,9,7
20220107,MI1144E,1,2,1,1.7
20220108,MIL1110,1,9,1,6.6
20220108,IT2110,1,7,5,5.6
20220108,SSH1111,1,9,3,6
20220108,PE1014,1,5,2,3.5
20220108,MI1114E,1,9,10,9.5
20220108,IT2120,1,3,2,2.4
20220108,MI1144E,1,9,2,6.9
20220109,MIL1110,1,3,9,4.8
20220109,IT2110,1,7,8,7.7
20220109,SSH1111,1,4,5,4.5
20220109,PE1014,1,5,5,5
20220109,MI1114E,1,1,5,3
20220109,IT2120,1,5,9,7.4
20220109,MI1144E,1,9,3,7.2
20220110,MIL1110,1,6,6,6
20220110,IT2110,1,4,6,5.4
20220110,SSH1111,1,5,7,6
20220110,PE1014,1,6,4,5
20220110,MI1114E,1,7,2,4.5
20220110,IT2120,1,5,8,6.8
20220110,MI1144E,1,5,4,4.7
20220111,MIL1110,1,7,6,6.7
20220111,IT2110,1,3,1,1.6
20220111,SSH1111,1,2,3,2.5
20220111,PE1014,1,2,5,3.5
20220111,MI1114E,1,3,4,3.5
20220111,IT2120,1,9,5,6.6
20220111,MI1144E,1,2,6,3.2
20220112,MIL1110,1,2,3,2.3
20220112,IT2110,1,8,9,8.7
20220112,SSH1111,1,5,3,4
20220112,PE1014,1,8,2,5
20220112,MI1114E,1,7,2,4.5
20220112,IT2120,1,1,4,2.8
20220112,MI1144E,1,8,6,7.4
20220113,MIL1110,1,8,4,6.8
20220113,IT2110,1,2,3,2.7
20220113,SSH1111,1,6,8,7
20220113,PE1014,1,10,5,7.5
20220113,MI1114E,1,6,3,4.5
20220113,IT2120,1,8,3,5
20220113,MI1144E,1,6,9,6.9
20220114,MIL1110,1,9,3,7.2
20220114,IT2110,1,9,3,4.8
20220114,SSH1111,1,10,1,5.5
20220114,PE1014,1,4,8,6
20220114,MI1114E,1,8,2,5
20220114,IT2120,1,4,6,5.2
20220114,MI1144E,1,9,6,8.1
20220115,MIL1110,1,5,2,4.1
20220115,IT2110,1,10,7,7.9
20220115,SSH1111,1,4,4,4
20220115,PE1014,1,6,3,4.5
20220115,MI1114E,1,9,4,6.5
20220115,IT2120,1,4,7,5.8
20220115,MI1144E,1,7,3,5.8
20220116,MIL1110,1,5,6,5.3
20220116,IT2110,1,9,3,4.8
20220116,SSH1111,1,6,2,4
20220116,PE1014,1,5,7,6
20220116,MI1114E,1,6,4,5
20220116,IT2120,1,7,6,6.4
20220116,MI1144E,1,8,4,6.8
20220117,MIL1110,1,5,3,4.4
20220117,IT2110,1,5,3,3.6
20220117,SSH1111,1,2,1,1.5
20220117,PE1014,1,4,6,5
20220117,MI1114E,1,1,9,5
20220117,IT2120,1,4,3,3.4
20220117,MI1144E,1,2,3,2.3
20220118,MIL1110,1,3,2,2.7
20220118,IT2110,1,6,2,3.2
20220118,SSH1111,1,1,2,1.5
20220118,PE1014,1,8,7,7.5
20220118,MI1114E,1,8,6,7
20220118,IT2120,1,6,10,8.4
20220118,MI1144E,1,6,2,4.8
20220119,MIL1110,1,9,3,7.2
20220119,IT2110,1,7,1,2.8
20220119,SSH1111,1,3,3,3
20220119,PE1014,1,5,6,5.5
20220119,MI1114E,1,9,8,8.5
20220119,IT2120,1,5,4,4.4
20220119,MI1144E,1,9,4,7.5
20220120,MIL1110,1,9,5,7.8
20220120,IT2110,1,2,10,7.6
20220120,SSH1111,1,4,5,4.5
20220120,PE1014,1,8,5,6.5
20220120,MI1114E,1,3,5,4
20220120,IT2120,1,1,4,2.8
20220120,MI1144E,1,8,7,7.7
20220121,MIL1110,1,8,4,6.8
20220121,IT2110,1,10,2,4.4
20220121,SSH1111,1,3,2,2.5
20220121,PE1014,1,1,8,4.5
20220121,MI1114E,1,6,8,7
20220121,IT2120,1,7,5,5.8
20220121,MI1144E,1,5,2,4.1
20220122,MIL1110,1,8,2,6.2
20220122,IT2110,1,3,9,7.2
20220122,SSH1111,1,6,2,4
20220122,PE1014,1,3,2,2.5
20220122,MI1114E,1,3,6,4.5
20220122,IT2120,1,4,6,5.2
20220122,MI1144E,1,7,3,5.8
20220123,MIL1110,1,6,6,6
20220123,IT2110,1,7,5,5.6
20220123,SSH1111,1,2,4,3
20220123,PE1014,1,8,8,8
20220123,MI1114E,1,6,6,6
20220123,IT2120,1,8,7,7.4
20220123,MI1144E,1,4,3,3.7
20220124,MIL1110,1,3,8,4.5
20220124,IT2110,1,2,4,3.4
20220124,SSH1111,1,5,1,3
20220124,PE1014,1,8,5,6.5
20220124,MI1114E,1,3,4,3.5
20220124,IT2120,1,3,7,5.4
20220124,MI1144E,1,2,6,3.2
20220125,MIL1110,1,5,3,4.4
20220125,IT2110,1,8,9,8.7
20220125,SSH1111,1,7,3,5
20220125,PE1014,1,7,4,5.5
20220125,MI1114E,1,8,4,6
20220125,IT2120,1,1,5,3.4
20220125,MI1144E,1,8,5,7.1
20220126,MIL1110,1,6,6,6
20220126,IT2110,1,9,2,4.1
20220126,SSH1111,1,7,10,8.5
20220126,PE1014,1,4,6,5
20220126,MI1114E,1,2,4,3
20220126,IT2120,1,4,10,7.6
20220126,MI1144E,1,9,8,8.7
20220127,MIL1110,1,5,3,4.4
20220127,IT2110,1,2,8,6.2
20220127,SSH1111,1,4,9,6.5
20220127,PE1014,1,3,6,4.5
20220127,MI1114E,1,2,7,4.5
20220127,IT2120,1,7,1,3.4
20220127,MI1144E,1,7,3,5.8
20220128,MIL1110,1,10,6,8.8
20220128,IT2110,1,5,10,8.5
20220128,SSH1111,1,3,4,3.5
20220128,PE1014,1,10,2,6
20220128,MI1114E,1,7,4,5.5
20220128,IT2120,1,5,7,6.2
20220128,MI1144E,1,10,6,8.8
20220129,MIL1110,1,2,8,3.8
20220129,IT2110,1,2,4,3.4
20220129,SSH1111,1,8,9,8.5
20220129,PE1014,1,1,1,1
20220129,MI1114E,1,8,5,6.5
20220129,IT2120,1,7,3,4.6
20220129,MI1144E,1,5,3,4.4
20220130,MIL1110,1,2,3,2.3
20220130,IT2110,1,10,4,5.8
20220130,SSH1111,1,2,4,3
20220130,PE1014,1,9,2,5.5
20220130,MI1114E,1,4,2,3
20220130,IT2120,1,9,10,9.6
20220130,MI1144E,1,8,6,7.4
20220131,MIL1110,1,5,9,6.2
20220131,IT2110,1,4,3,3.3
20220131,SSH1111,1,9,2,5.5
20220131,PE1014,1,8,9,8.5
20220131,MI1114E,1,9,6,7.5
20220131,IT2120,1,1,9,5.8
20220131,MI1144E,1,7,2,5.5
20220132,MIL1110,1,8,2,6.2
20220132,IT2110,1,6,3,3.9
20220132,SSH1111,1,3,6,4.5
20220132,PE1014,1,5,2,3.5
20220132,MI1114E,1,5,7,6
20220132,IT2120,1,3,6,4.8
20220132,MI1144E,1,2,7,3.5
20220133,MIL1110,1,2,2,2
20220133,IT2110,1,9,1,3.4
20220133,SSH1111,1,3,7,5
20220133,PE1014,1,7,5,6
20220133,MI1114E,1,5,9,7
20220133,IT2120,1,7,6,6.4
20220133,MI1144E,1,4,10,5.8
20220134,MIL1110,1,3,3,3
20220134,IT2110,1,10,9,9.3
20220134,SSH1111,1,6,10,8
20220134,PE1014,1,5,6,5.5
20220134,MI1114E,1,8,5,6.5
20220134,IT2120,1,3,6,4.8
20220134,MI1144E,1,5,8,5.9
20220135,MIL1110,1,6,6,6
20220135,IT2110,1,7,2,3.5
20220135,SSH1111,1,3,8,5.5
20220135,PE1014,1,4,4,4
20220135,MI1114E,1,2,1,1.5
20220135,IT2120,1,5,6,5.6
20220135,MI1144E,1,4,5,4.3
20220136,MIL1110,1,8,8,8
20220136,IT2110,1,8,6,6.6
20220136,SSH1111,1,5,7,6
20220136,PE1014,1,5,7,6
20220136,MI1114E,1,5,2,3.5
20220136,IT2120,1,10,5,7
20220136,MI1144E,1,4,8,5.2
20220137,MIL1110,1,9,8,8.7
20220137,IT2110,1,1,7,5.2
20220137,SSH1111,1,9,2,5.5
20220137,PE1014,1,7,2,4.5
20220137,MI1114E,1,5,3,4
20220137,IT2120,1,5,9,7.4
20220137,MI1144E,1,9,7,8.4
20220138,MIL1110,1,4,4,4
20220138,IT2110,1,3,9,7.2
20220138,SSH1111,1,7,9,8
20220138,PE1014,1,1,4,2.5
20220138,MI1114E,1,10,5,7.5
20220138,IT2120,1,6,6,6
20220138,MI1144E,1,8,8,8
20220139,MIL1110,1,6,7,6.3
20220139,IT2110,1,4,2,2.6
20220139,SSH1111,1,1,2,1.5
20220139,PE1014,1,9,2,5.5
20220139,MI1114E,1,9,3,6
20220139,IT2120,1,4,9,7
20220139,MI1144E,1,2,8,3.8
20220140,MIL1110,1,7,7,7
20220140,IT2110,1,3,1,1.6
20220140,SSH1111,1,1,6,3.5
20220140,PE1014,1,4,6,5
20220140,MI1114E,1,6,7,6.5
20220140,IT2120,1,3,5,4.2
20220140,MI1144E,1,7,2,5.5
20220141,MIL1110,1,3,4,3.3
20220141,IT2110,1,7,8,7.7
20220141,SSH1111,1,2,10,6
20220141,PE1014,1,8,1,4.5
20220141,MI1114E,1,9,2,5.5
20220141,IT2120,1,3,4,3.6
20220141,MI1144E,1,3,9,4.8
20220142,MIL1110,1,7,9,7.6
20220142,IT2110,1,5,8,7.1
20220142,SSH1111,1,2,8,5
20220142,PE1014,1,9,10,9.5
20220142,MI1114E,1,2,4,3
20220142,IT2120,1,3,4,3.6
20220142,MI1144E,1,6,1,4.5
20220143,MIL1110,1,2,8,3.8
20220143,IT2110,1,5,7,6.4
20220143,SSH1111,1,2,7,4.5
20220143,PE1014,1,6,4,5
20220143,MI1114E,1,2,5,3.5
20220143,IT2120,1,10,1,4.6
20220143,MI1144E,1,1,4,1.9
20220144,MIL1110,1,2,6,3.2
20220144,IT2110,1,3,5,4.4
20220144,SSH1111,1,8,7,7.5
20220144,PE1014,1,6,9,7.5
20220144,MI1114E,1,6,5,5.5
20220144,IT2120,1,8,5,6.2
20220144,MI1144E,1,6,10,7.2
20220145,MIL1110,1,4,2,3.4
20220145,IT2110,1,2,6,4.8
20220145,SSH1111,1,7,8,7.5
20220145,PE1014,1,4,4,4
20220145,MI1114E,1,3,9,6
20220145,IT2120,1,1,3,2.2
20220145,MI1144E,1,5,2,4.1
20220146,MIL1110,1,9,2,6.9
20220146,IT2110,1,4,1,1.9
20220146,SSH1111,1,10,4,7
20220146,PE1014,1,7,6,6.5
20220146,MI1114E,1,8,9,8.5
20220146,IT2120,1,6,5,5.4
20220146,MI1144E,1,9,8,8.7
20220147,MIL1110,1,2,8,3.8
20220147,IT2110,1,1,2,1.7
20220147,SSH1111,1,8,6,7
20220147,PE1014,1,5,8,6.5
20220147,MI1114E,1,5,7,6
20220147,IT2120,1,2,8,5.6
20220147,MI1144E,1,2,9,4.1
20220148,MIL1110,1,8,9,8.3
20220148,IT2110,1,4,6,5.4
20220148,SSH1111,1,3,8,5.5
20220148,PE1014,1,6,2,4
20220148,MI1114E,1,5,4,4.5
20220148,IT2120,1,6,3,4.2
20220148,MI1144E,1,10,4,8.2
20220149,MIL1110,1,7,5,6.4
20220149,IT2110,1,4,7,6.1
20220149,SSH1111,1,9,9,9
20220149,PE1014,1,9,5,7
20220149,MI1114E,1,2,3,2.5
20220149,IT2120,1,1,3,2.2
20220149,MI1144E,1,3,4,3.3
20220150,MIL1110,1,4,1,3.1
20220150,IT2110,1,10,2,4.4
20220150,SSH1111,1,10,6,8
20220150,PE1014,1,9,3,6
20220150,MI1114E,1,8,8,8
20220150,IT2120,1,10,3,5.8
20220150,MI1144E,1,6,9,6.9
20220151,MI1141,1,4,1,2.5
20220151,MIL1110,1,6,5,5.7
20220151,FL1101,1,6,5,5.7
20220151,MI1111,1,4,2,3
20220151,MIL1120,1,3,4,3.3
20220151,SSH1111,1,8,4,6
20220151,PE1014,1,6,7,6.5
20220151,IT2000,1,2,1,1.5
20220151,EM1170,1,3,6,4.5
20220152,MI1141,1,3,2,2.5
20220152,MIL1110,1,4,6,4.6
20220152,FL1101,1,5,3,4.4
20220152,MI1111,1,5,3,4
20220152,MIL1120,1,6,9,6.9
20220152,SSH1111,1,2,4,3
20220152,PE1014,1,6,4,5
20220152,IT2000,1,9,9,9
20220152,EM1170,1,1,6,3.5
20220153,MI1141,1,7,3,5
20220153,MIL1110,1,7,2,5.5
20220153,FL1101,1,7,3,5.8
20220153,MI1111,1,3,8,5.5
20220153,MIL1120,1,9,6,8.1
20220153,SSH1111,1,4,7,5.5
20220153,PE1014,1,7,9,8
20220153,IT2000,1,6,1,3.5
20220153,EM1170,1,6,9,7.5
20220154,MI1141,1,9,8,8.5
20220154,MIL1110,1,8,3,6.5
20220154,FL1101,1,3,4,3.3
20220154,MI1111,1,7,3,5
20220154,MIL1120,1,9,5,7.8
20220154,SSH1111,1,2,5,3.5
20220154,PE1014,1,7,10,8.5
20220154,IT2000,1,3,6,4.5
20220154,EM1170,1,7,5,6
20220155,MI1141,1,2,4,3
20220155,MIL1110,1,3,10,5.1
20220155,FL1101,1,5,2,4.1
20220155,MI1111,1,7,9,8
20220155,MIL1120,1,7,9,7.6
20220155,SSH1111,1,3,2,2.5
20220155,PE1014,1,6,7,6.5
20220155,IT2000,1,10,7,8.5
20220155,EM1170,1,7,8,7.5
20220156,MI1141,1,6,2,4
20220156,MIL1110,1,1,4,1.9
20220156,FL1101,1,6,6,6
20220156,MI1111,1,7,5,6
20220156,MIL1120,1,10,4,8.2
20220156,SSH1111,1,8,7,7.5
20220156,PE1014,1,10,4,7
20220156,IT2000,1,3,5,4
20220156,EM1170,1,3,4,3.5
20220157,MI1141,1,7,7,7
20220157,MIL1110,1,8,7,7.7
20220157,FL1101,1,4,9,5.5
20220157,MI1111,1,8,2,5
20220157,MIL1120,1,6,5,5.7
20220157,SSH1111,1,2,4,3
20220157,PE1014,1,10,8,9
20220157,IT2000,1,9,10,9.5
20220157,EM1170,1,9,5,7
20220158,MI1141,1,3,3,3
20220158,MIL1110,1,9,6,8.1
20220158,FL1101,1,8,3,6.5
20220158,MI1111,1,4,6,5
20220158,MIL1120,1,9,3,7.2
20220158,SSH1111,1,10,7,8.5
20220158,PE1014,1,4,6,5
20220158,IT2000,1,8,6,7
20220158,EM1170,1,5,4,4.5
20220159,MI1141,1,8,5,6.5
20220159,MIL1110,1,5,7,5.6
20220159,FL1101,1,6,3,5.1
20220159,MI1111,1,4,7,5.5
20220159,MIL1120,1,9,2,6.9
20220159,SSH1111,1,9,3,6
20220159,PE1014,1,8,10,9
20220159,IT2000,1,9,2,5.5
20220159,EM1170,1,7,1,4
20220160,MI1141,1,4,10,7
20220160,MIL1110,1,2,8,3.8
20220160,FL1101,1,9,3,7.2
20220160,MI1111,1,3,7,5
20220160,MIL1120,1,8,5,7.1
20220160,SSH1111,1,8,8,8
20220160,PE1014,1,2,1,1.5
20220160,IT2000,1,9,10,9.5
20220160,EM1170,1,7,6,6.5
20220161,MI1141,1,3,7,5
20220161,MIL1110,1,1,3,1.6
20220161,FL1101,1,6,2,4.8
20220161,MI1111,1,3,8,5.5
20220161,MIL1120,1,6,10,7.2
20220161,SSH1111,1,10,8,9
20220161,PE1014,1,8,9,8.5
20220161,IT2000,1,7,4,5.5
20220161,EM1170,1,10,5,7.5
20220162,MI1141,1,7,4,5.5
20220162,MIL1110,1,1,5,2.2
20220162,FL1101,1,6,1,4.5
20220162,MI1111,1,10,9,9.5
20220162,MIL1120,1,10,9,9.7
20220162,SSH1111,1,6,7,6.5
20220162,PE1014,1,8,9,8.5
20220162,IT2000,1,8,10,9
20220162,EM1170,1,7,4,5.5
20220163,MI1141,1,5,5,5
20220163,MIL1110,1,2,4,2.6
20220163,FL1101,1,4,10,5.8
20220163,MI1111,1,3,5,4
20220163,MIL1120,1,10,3,7.9
20220163,SSH1111,1,3,2,2.5
20220163,PE1014,1,2,4,3
20220163,IT2000,1,9,3,6
20220163,EM1170,1,2,3,2.5
20220164,MI1141,1,2,9,5.5
20220164,MIL1110,1,2,4,2.6
20220164,FL1101,1,1,9,3.4
20220164,MI1111,1,2,4,3
20220164,MIL1120,1,5,10,6.5
20220164,SSH1111,1,3,8,5.5
20220164,PE1014,1,9,9,9
20220164,IT2000,1,3,5,4
20220164,EM1170,1,5,5,5
20220165,MI1141,1,9,9,9
20220165,MIL1110,1,6,8,6.6
20220165,FL1101,1,8,9,8.3
20220165,MI1111,1,10,5,7.5
20220165,MIL1120,1,2,8,3.8
20220165,SSH1111,1,2,4,3
20220165,PE1014,1,9,6,7.5
20220165,IT2000,1,4,2,3
20220165,EM1170,1,2,5,3.5
20220166,MI1141,1,7,2,4.5
20220166,MIL1110,1,2,7,3.5
20220166,FL1101,1,5,4,4.7
20220166,MI1111,1,1,2,1.5
20220166,MIL1120,1,2,1,1.7
20220166,SSH1111,1,8,7,7.5
20220166,PE1014,1,2,10,6
20220166,IT2000,1,4,6,5
20220166,EM1170,1,8,8,8
20220167,MI1141,1,3,2,2.5
20220167,MIL1110,1,7,5,6.4
20220167,FL1101,1,3,9,4.8
20220167,MI1111,1,7,8,7.5
20220167,MIL1120,1,7,6,6.7
20220167,SSH1111,1,9,9,9
20220167,PE1014,1,3,3,3
20220167,IT2000,1,5,4,4.5
20220167,EM1170,1,5,7,6
20220168,MI1141,1,9,5,7
20220168,MIL1110,1,6,7,6.3
20220168,FL1101,1,10,5,8.5
20220168,MI1111,1,6,2,4
20220168,MIL1120,1,7,3,5.8
20220168,SSH1111,1,4,7,5.5
20220168,PE1014,1,3,8,5.5
20220168,IT2000,1,6,8,7
20220168,EM1170,1,6,7,6.5
20220169,MI1141,1,2,9,5.5
20220169,MIL1110,1,8,9,8.3
20220169,FL1101,1,8,10,8.6
20220169,MI1111,1,2,4,3
20220169,MIL1120,1,7,6,6.7
20220169,SSH1111,1,2,2,2
20220169,PE1014,1,9,2,5.5
20220169,IT2000,1,10,10,10
20220169,EM1170,1,7,9,8
20220170,MI1141,1,7,5,6
20220170,MIL1110,1,6,8,6.6
20220170,FL1101,1,2,1,1.7
20220170,MI1111,1,7,3,5
20220170,MIL1120,1,2,10,4.4
20220170,SSH1111,1,6,5,5.5
20220170,PE1014,1,4,9,6.5
20220170,IT2000,1,5,6,5.5
20220170,EM1170,1,8,9,8.5
20220171,MI1141,1,5,3,4
20220171,MIL1110,1,7,4,6.1
20220171,FL1101,1,10,9,9.7
20220171,MI1111,1,6,9,7.5
20220171,MIL1120,1,9,4,7.5
20220171,SSH1111,1,2,5,3.5
20220171,PE1014,1,4,4,4
20220171,IT2000,1,6,7,6.5
20220171,EM1170,1,3,7,5
20220172,MI1141,1,5,4,4.5
20220172,MIL1110,1,6,8,6.6
20220172,FL1101,1,5,5,5
20220172,MI1111,1,7,4,5.5
20220172,MIL1120,1,9,1,6.6
20220172,SSH1111,1,5,8,6.5
20220172,PE1014,1,8,4,6
20220172,IT2000,1,6,2,4
20220172,EM1170,1,4,2,3
20220173,MI1141,1,2,3,2.5
20220173,MIL1110,1,5,9,6.2
20220173,FL1101,1,3,10,5.1
20220173,MI1111,1,7,6,6.5
20220173,MIL1120,1,2,9,4.1
20220173,SSH1111,1,9,4,6.5
20220173,PE1014,1,2,6,4
20220173,IT2000,1,9,3,6
20220173,EM1170,1,2,8,5
20220174,MI1141,1,6,1,3.5
20220174,MIL1110,1,5,8,5.9
20220174,FL1101,1,3,2,2.7
20220174,MI1111,1,2,7,4.5
20220174,MIL1120,1,6,7,6.3
20220174,SSH1111,1,5,4,4.5
20220174,PE1014,1,6,6,6
20220174,IT2000,1,9,7,8
20220174,EM1170,1,8,2,5
20220175,MI1141,1,5,6,5.5
20220175,MIL1110,1,6,1,4.5
20220175,FL1101,1,7,5,6.4
20220175,MI1111,1,5,2,3.5
20220175,MIL1120,1,6,7,6.3
20220175,SSH1111,1,8,8,8
20220175,PE1014,1,7,8,7.5
20220175,IT2000,1,7,4,5.5
20220175,EM1170,1,6,4,5
20220176,MI1141,1,6,10,8
20220176,MIL1110,1,1,2,1.3
20220176,FL1101,1,3,9,4.8
20220176,MI1111,1,8,6,7
20220176,MIL1120,1,10,5,8.5
20220176,SSH1111,1,9,3,6
20220176,PE1014,1,2,7,4.5
20220176,IT2000,1,5,8,6.5
20220176,EM1170,1,9,10,9.5
20220177,MI1141,1,1,6,3.5
20220177,MIL1110,1,9,10,9.3
20220177,FL1101,1,10,8,9.4
20220177,MI1111,1,10,4,7
20220177,MIL1120,1,7,7,7
20220177,SSH1111,1,6,7,6.5
20220177,PE1014,1,1,2,1.5
20220177,IT2000,1,5,8,6.5
20220177,EM1170,1,10,1,5.5
20220178,MI1141,1,2,6,4
20220178,MIL1110,1,4,3,3.7
20220178,FL1101,1,7,1,5.2
20220178,MI1111,1,2,8,5
20220178,MIL1120,1,3,2,2.7
20220178,SSH1111,1,6,5,5.5
20220178,PE1014,1,10,8,9
20220178,IT2000,1,9,3,6
20220178,EM1170,1,9,5,7
20220179,MI1141,1,9,9,9
20220179,MIL1110,1,3,5,3.6
20220179,FL1101,1,6,4,5.4
20220179,MI1111,1,6,6,6
20220179,MIL1120,1,6,2,4.8
20220179,SSH1111,1,10,8,9
20220179,PE1014,1,9,3,6
20220179,IT2000,1,1,7,4
20220179,EM1170,1,4,4,4
20220180,MI1141,1,2,10,6
20220180,MIL1110,1,10,6,8.8
20220180,FL1101,1,3,6,3.9
20220180,MI1111,1,1,2,1.5
20220180,MIL1120,1,3,4,3.3
20220180,SSH1111,1,3,7,5
20220180,PE1014,1,5,5,5
20220180,IT2000,1,8,7,7.5
20220180,EM1170,1,4,10,7
20220181,MI1141,1,9,8,8.5
20220181,MIL1110,1,6,2,4.8
20220181,FL1101,1,8,4,6.8
20220181,MI1111,1,8,9,8.5
20220181,MIL1120,1,9,7,8.4
20220181,SSH1111,1,2,1,1.5
20220181,PE1014,1,5,7,6
20220181,IT2000,1,3,7,5
20220181,EM1170,1,3,5,4
20220182,MI1141,1,9,4,6.5
20220182,MIL1110,1,8,4,6.8
20220182,FL1101,1,8,7,7.7
20220182,MI1111,1,7,6,6.5
20220182,MIL1120,1,9,8,8.7
20220182,SSH1111,1,8,6,7
20220182,PE1014,1,4,6,5
20220182,IT2000,1,6,8,7
20220182,EM1170,1,5,5,5
20220183,MI1141,1,3,4,3.5
20220183,MIL1110,1,4,2,3.4
20220183,FL1101,1,6,2,4.8
20220183,MI1111,1,8,2,5
20220183,MIL1120,1,1,8,3.1
20220183,SSH1111,1,8,8,8
20220183,PE1014,1,10,6,8
20220183,IT2000,1,9,3,6
20220183,EM1170,1,6,8,7
20220184,MI1141,1,8,4,6
20220184,MIL1110,1,8,5,7.1
20220184,FL1101,1,9,6,8.1
20220184,MI1111,1,7,6,6.5
20220184,MIL1120,1,9,8,8.7
20220184,SSH1111,1,8,7,7.5
20220184,PE1014,1,3,7,5
20220184,IT2000,1,5,6,5.5
20220184,EM1170,1,3,7,5
20220185,MI1141,1,6,5,5.5
20220185,MIL1110,1,7,4,6.1
20220185,FL1101,1,2,6,3.2
20220185,MI1111,1,9,7,8
20220185,MIL1120,1,5,9,6.2
20220185,SSH1111,1,8,8,8
20220185,PE1014,1,8,3,5.5
20220185,IT2000,1,10,4,7
20220185,EM1170,1,9,8,8.5
20220186,MI1141,1,9,4,6.5
20220186,MIL1110,1,4,4,4
20220186,FL1101,1,8,5,7.1
20220186,MI1111,1,5,3,4
20220186,MIL1120,1,8,6,7.4
20220186,SSH1111,1,8,7,7.5
20220186,PE1014,1,9,2,5.5
20220186,IT2000,1,6,5,5.5
20220186,EM1170,1,8,5,6.5
20220187,MI1141,1,9,1,5
20220187,MIL1110,1,3,1,2.4
20220187,FL1101,1,1,10,3.7
20220187,MI1111,1,9,4,6.5
20220187,MIL1120,1,6,7,6.3
20220187,SSH1111,1,2,1,1.5
20220187,PE1014,1,7,4,5.5
20220187,IT2000,1,9,9,9
20220187,EM1170,1,2,2,2
20220188,MI1141,1,7,5,6
20220188,MIL1110,1,8,5,7.1
20220188,FL1101,1,6,6,6
20220188,MI1111,1,3,9,6
20220188,MIL1120,1,3,1,2.4
20220188,SSH1111,1,7,6,6.5
20220188,PE1014,1,3,8,5.5
20220188,IT2000,1,3,3,3
20220188,EM1170,1,4,3,3.5
20220189,MI1141,1,2,10,6
20220189,MIL1110,1,7,6,6.7
20220189,FL1101,1,5,9,6.2
20220189,MI1111,1,7,8,7.5
20220189,MIL1120,1,2,9,4.1
20220189,SSH1111,1,4,4,4
20220189,PE1014,1,3,5,4
20220189,IT2000,1,1,10,5.5
20220189,EM1170,1,6,1,3.5
20220190,MI1141,1,4,3,3.5
20220190,MIL1110,1,9,3,7.2
20220190,FL1101,1,4,9,5.5
20220190,MI1111,1,4,1,2.5
20220190,MIL1120,1,5,5,5
20220190,SSH1111,1,3,2,2.5
20220190,PE1014,1,8,5,6.5
20220190,IT2000,1,7,6,6.5
20220190,EM1170,1,7,10,8.5
20220191,MI1141,1,4,10,7
20220191,MIL1110,1,6,4,5.4
20220191,FL1101,1,6,3,5.1
20220191,MI1111,1,4,6,5
20220191,MIL1120,1,9,3,7.2
20220191,SSH1111,1,2,7,4.5
20220191,PE1014,1,5,5,5
20220191,IT2000,1,10,2,6
20220191,EM1170,1,9,6,7.5
20220192,MI1141,1,7,5,6
20220192,MIL1110,1,3,8,4.5
20220192,FL1101,1,6,3,5.1
20220192,MI1111,1,7,7,7
20220192,MIL1120,1,5,5,5
20220192,SSH1111,1,7,6,6.5
20220192,PE1014,1,10,9,9.5
20220192,IT2000,1,2,3,2.5
20220192,EM1170,1,4,4,4
20220193,MI1141,1,5,4,4.5
20220193,MIL1110,1,5,6,5.3
20220193,FL1101,1,3,6,3.9
20220193,MI1111,1,8,9,8.5
20220193,MIL1120,1,7,9,7.6
20220193,SSH1111,1,8,5,6.5
20220193,PE1014,1,4,9,6.5
20220193,IT2000,1,10,4,7
20220193,EM1170,1,8,10,9
20220194,MI1141,1,2,2,2
20220194,MIL1110,1,7,8,7.3
20220194,FL1101,1,9,2,6.9
20220194,MI1111,1,10,10,10
20220194,MIL1120,1,8,7,7.7
20220194,SSH1111,1,7,5,6
20220194,PE1014,1,4,2,3
20220194,IT2000,1,2,2,2
20220194,EM1170,1,2,8,5
20220195,MI1141,1,2,6,4
20220195,MIL1110,1,1,9,3.4
20220195,FL1101,1,8,7,7.7
20220195,MI1111,1,7,3,5
20220195,MIL1120,1,7,3,5.8
20220195,SSH1111,1,5,4,4.5
20220195,PE1014,1,3,5,4
20220195,IT2000,1,3,3,3
20220195,EM1170,1,2,7,4.5
20220196,MI1141,1,3,9,6
20220196,MIL1110,1,3,2,2.7
20220196,FL1101,1,10,5,8.5
20220196,MI1111,1,4,3,3.5
20220196,MIL1120,1,4,5,4.3
20220196,SSH1111,1,5,4,4.5
20220196,PE1014,1,6,6,6
20220196,IT2000,1,2,10,6
20220196,EM1170,1,4,4,4
20220197,MI1141,1,5,1,3
20220197,MIL1110,1,4,4,4
20220197,FL1101,1,7,2,5.5
20220197,MI1111,1,6,2,4
20220197,MIL1120,1,2,7,3.5
20220197,SSH1111,1,5,9,7
20220197,PE1014,1,6,7,6.5
20220197,IT2000,1,2,4,3
20220197,EM1170,1,4,5,4.5
20220198,MI1141,1,5,3,4
20220198,MIL1110,1,10,2,7.6
20220198,FL1101,1,9,8,8.7
20220198,MI1111,1,8,4,6
20220198,MIL1120,1,3,6,3.9
20220198,SSH1111,1,9,5,7
20220198,PE1014,1,4,4,4
20220198,IT2000,1,5,9,7
20220198,EM1170,1,6,6,6
20220199,MI1141,1,4,5,4.5
20220199,MIL1110,1,3,6,3.9
20220199,FL1101,1,2,9,4.1
20220199,MI1111,1,7,5,6
20220199,MIL1120,1,8,8,8
20220199,SSH1111,1,4,7,5.5
20220199,PE1014,1,5,3,4
20220199,IT2000,1,6,8,7
20220199,EM1170,1,8,9,8.5
20220200,MI1141,1,3,2,2.5
20220200,MIL1110,1,6,9,6.9
20220200,FL1101,1,4,3,3.7
20220200,MI1111,1,10,6,8
20220200,MIL1120,1,5,8,5.9
20220200,SSH1111,1,5,3,4
20220200,PE1014,1,3,6,4.5
20220200,IT2000,1,9,5,7
20220200,EM1170,1,4,5,4.5
20220201,MI1141,1,8,6,7
20220201,FL1101,1,2,10,4.4
20220201,MI1111,1,3,3,3
20220201,SSH1111,1,9,2,5.5
20220201,IT2000,1,4,1,2.5
20220201,EM1170,1,6,4,5
20220202,MI1141,1,6,5,5.5
20220202,FL1101,1,6,4,5.4
20220202,MI1111,1,8,2,5
20220202,SSH1111,1,7,7,7
20220202,IT2000,1,8,3,5.5
20220202,EM1170,1,5,8,6.5
20220203,MI1141,1,5,4,4.5
20220203,FL1101,1,6,9,6.9
20220203,MI1111,1,3,9,6
20220203,SSH1111,1,2,8,5
20220203,IT2000,1,5,9,7
20220203,EM1170,1,8,4,6
20220204,MI1141,1,4,6,5
20220204,FL1101,1,2,2,2
20220204,MI1111,1,9,1,5
20220204,SSH1111,1,9,7,8
20220204,IT2000,1,9,7,8
20220204,EM1170,1,4,4,4
20220205,MI1141,1,9,9,9
20220205,FL1101,1,3,6,3.9
20220205,MI1111,1,4,2,3
20220205,SSH1111,1,7,6,6.5
20220205,IT2000,1,4,9,6.5
20220205,EM1170,1,4,5,4.5
20220206,MI1141,1,7,2,4.5
20220206,FL1101,1,9,7,8.4
20220206,MI1111,1,2,6,4
20220206,SSH1111,1,5,4,4.5
20220206,IT2000,1,9,4,6.5
20220206,EM1170,1,3,3,3
20220207,MI1141,1,6,5,5.5
20220207,FL1101,1,7,9,7.6
20220207,MI1111,1,9,8,8.5
20220207,SSH1111,1,4,9,6.5
20220207,IT2000,1,8,6,7
20220207,EM1170,1,8,9,8.5
20220208,MI1141,1,5,8,6.5
20220208,FL1101,1,9,10,9.3
20220208,MI1111,1,3,6,4.5
20220208,SSH1111,1,8,3,5.5
20220208,IT2000,1,10,9,9.5
20220208,EM1170,1,9,2,5.5
20220209,MI1141,1,6,4,5
20220209,FL1101,1,10,9,9.7
20220209,MI1111,1,8,5,6.5
20220209,SSH1111,1,3,5,4
20220209,IT2000,1,1,4,2.5
20220209,EM1170,1,2,7,4.5
20220210,MI1141,1,6,1,3.5
20220210,FL1101,1,2,8,3.8
20220210,MI1111,1,6,3,4.5
20220210,SSH1111,1,4,10,7
20220210,IT2000,1,8,2,5
20220210,EM1170,1,9,3,6
20220211,MI1141,1,8,9,8.5
20220211,FL1101,1,4,6,4.6
20220211,MI1111,1,4,3,3.5
20220211,SSH1111,1,7,5,6
20220211,IT2000,1,10,7,8.5
20220211,EM1170,1,9,9,9
20220212,MI1141,1,5,3,4
20220212,FL1101,1,5,8,5.9
20220212,MI1111,1,7,5,6
20220212,SSH1111,1,2,9,5.5
20220212,IT2000,1,2,5,3.5
20220212,EM1170,1,2,8,5
20220213,MI1141,1,6,6,6
20220213,FL1101,1,2,8,3.8
20220213,MI1111,1,6,9,7.5
20220213,SSH1111,1,5,9,7
20220213,IT2000,1,5,9,7
20220213,EM1170,1,9,3,6
20220214,MI1141,1,4,4,4
20220214,FL1101,1,4,9,5.5
20220214,MI1111,1,10,6,8
20220214,SSH1111,1,5,5,5
20220214,IT2000,1,2,7,4.5
20220214,EM1170,1,2,6,4
20220215,MI1141,1,5,1,3
20220215,FL1101,1,8,4,6.8
20220215,MI1111,1,8,6,7
20220215,SSH1111,1,4,3,3.5
20220215,IT2000,1,1,5,3
20220215,EM1170,1,3,9,6
20220216,MI1141,1,10,5,7.5
20220216,FL1101,1,4,6,4.6
20220216,MI1111,1,10,3,6.5
20220216,SSH1111,1,3,2,2.5
20220216,IT2000,1,7,3,5
20220216,EM1170,1,4,6,5
20220217,MI1141,1,2,7,4.5
20220217,FL1101,1,3,8,4.5
20220217,MI1111,1,9,3,6
20220217,SSH1111,1,8,3,5.5
20220217,IT2000,1,5,10,7.5
20220217,EM1170,1,9,2,5.5
20220218,MI1141,1,2,5,3.5
20220218,FL1101,1,3,2,2.7
20220218,MI1111,1,2,1,1.5
20220218,SSH1111,1,3,3,3
20220218,IT2000,1,5,4,4.5
20220218,EM1170,1,3,5,4
20220219,MI1141,1,7,9,8
20220219,FL1101,1,2,9,4.1
20220219,MI1111,1,9,9,9
20220219,SSH1111,1,7,8,7.5
20220219,IT2000,1,1,8,4.5
20220219,EM1170,1,7,4,5.5
20220220,MI1141,1,7,8,7.5
20220220,FL1101,1,9,5,7.8
20220220,MI1111,1,3,4,3.5
20220220,SSH1111,1,9,10,9.5
20220220,IT2000,1,9,8,8.5
20220220,EM1170,1,7,3,5
20220221,MI1141,1,2,9,5.5
20220221,FL1101,1,2,5,2.9
20220221,MI1111,1,4,1,2.5
20220221,SSH1111,1,3,9,6
20220221,IT2000,1,6,4,5
20220221,EM1170,1,7,2,4.5
20220222,MI1141,1,1,9,5
20220222,FL1101,1,3,3,3
20220222,MI1111,1,8,9,8.5
20220222,SSH1111,1,5,7,6
20220222,IT2000,1,9,9,9
20220222,EM1170,1,5,4,4.5
20220223,MI1141,1,6,6,6
20220223,FL1101,1,2,4,2.6
20220223,MI1111,1,2,10,6
20220223,SSH1111,1,2,7,4.5
20220223,IT2000,1,5,5,5
20220223,EM1170,1,10,7,8.5
20220224,MI1141,1,2,3,2.5
20220224,FL1101,1,8,9,8.3
20220224,MI1111,1,5,9,7
20220224,SSH1111,1,3,8,5.5
20220224,IT2000,1,6,10,8
20220224,EM1170,1,2,8,5
20220225,MI1141,1,7,2,4.5
20220225,FL1101,1,7,8,7.3
20220225,MI1111,1,4,2,3
20220225,SSH1111,1,6,9,7.5
20220225,IT2000,1,9,10,9.5
20220225,EM1170,1,7,10,8.5
20220226,MI1141,1,7,4,5.5
20220226,FL1101,1,9,5,7.8
20220226,MI1111,1,6,8,7
20220226,SSH1111,1,6,8,7
20220226,IT2000,1,5,5,5
20220226,EM1170,1,3,5,4
20220227,MI1141,1,3,10,6.5
20220227,FL1101,1,5,4,4.7
20220227,MI1111,1,4,5,4.5
20220227,SSH1111,1,2,7,4.5
20220227,IT2000,1,5,8,6.5
20220227,EM1170,1,3,8,5.5
20220228,MI1141,1,5,8,6.5
20220228,FL1101,1,7,1,5.2
20220228,MI1111,1,8,4,6
20220228,SSH1111,1,2,9,5.5
20220228,IT2000,1,10,2,6
20220228,EM1170,1,7,8,7.5
20220229,MI1141,1,4,4,4
20220229,FL1101,1,4,3,3.7
20220229,MI1111,1,1,4,2.5
20220229,SSH1111,1,7,8,7.5
20220229,IT2000,1,2,8,5
20220229,EM1170,1,7,9,8
20220230,MI1141,1,7,6,6.5
20220230,FL1101,1,7,8,7.3
20220230,MI1111,1,8,4,6
20220230,SSH1111,1,1,4,2.5
20220230,IT2000,1,7,7,7
20220230,EM1170,1,1,8,4.5
20220231,MI1141,1,4,9,6.5
20220231,FL1101,1,4,4,4
20220231,MI1111,1,8,4,6
20220231,SSH1111,1,9,1,5
20220231,IT2000,1,6,3,4.5
20220231,EM1170,1,6,7,6.5
20220232,MI1141,1,4,4,4
20220232,FL1101,1,4,9,5.5
20220232,MI1111,1,10,9,9.5
20220232,SSH1111,1,2,7,4.5
20220232,IT2000,1,2,3,2.5
20220232,EM1170,1,9,3,6
20220233,MI1141,1,4,8,6
20220233,FL1101,1,2,1,1.7
20220233,MI1111,1,7,4,5.5
20220233,SSH1111,1,3,8,5.5
20220233,IT2000,1,1,8,4.5
20220233,EM1170,1,4,5,4.5
20220234,MI1141,1,9,8,8.5
20220234,FL1101,1,4,6,4.6
20220234,MI1111,1,2,1,1.5
20220234,SSH1111,1,2,2,2
20220234,IT2000,1,5,3,4
20220234,EM1170,1,2,3,2.5
20220235,MI1141,1,9,9,9
20220235,FL1101,1,10,3,7.9
20220235,MI1111,1,1,9,5
20220235,SSH1111,1,5,7,6
20220235,IT2000,1,9,1,5
20220235,EM1170,1,8,6,7
20220236,MI1141,1,9,3,6
20220236,FL1101,1,3,6,3.9
20220236,MI1111,1,5,2,3.5
20220236,SSH1111,1,9,6,7.5
20220236,IT2000,1,8,7,7.5
20220236,EM1170,1,4,4,4
20220237,MI1141,1,9,9,9
20220237,FL1101,1,6,1,4.5
20220237,MI1111,1,3,2,2.5
20220237,SSH1111,1,7,2,4.5
20220237,IT2000,1,1,10,5.5
20220237,EM1170,1,4,4,4
20220238,MI1141,1,8,9,8.5
20220238,FL1101,1,9,5,7.8
20220238,MI1111,1,4,7,5.5
20220238,SSH1111,1,1,7,4
20220238,IT2000,1,2,5,3.5
20220238,EM1170,1,8,5,6.5
20220239,MI1141,1,1,6,3.5
20220239,FL1101,1,3,7,4.2
20220239,MI1111,1,8,9,8.5
20220239,SSH1111,1,8,5,6.5
20220239,IT2000,1,5,4,4.5
20220239,EM1170,1,7,9,8
20220240,MI1141,1,4,6,5
20220240,FL1101,1,2,4,2.6
20220240,MI1111,1,7,8,7.5
20220240,SSH1111,1,3,9,6
20220240,IT2000,1,3,6,4.5
20220240,EM1170,1,10,8,9
20220241,MI1141,1,7,4,5.5
20220241,FL1101,1,8,2,6.2
20220241,MI1111,1,5,5,5
20220241,SSH1111,1,5,6,5.5
20220241,IT2000,1,5,9,7
20220241,EM1170,1,6,4,5
20220242,MI1141,1,4,4,4
20220242,FL1101,1,4,1,3.1
20220242,MI1111,1,1,6,3.5
20220242,SSH1111,1,8,8,8
20220242,IT2000,1,9,8,8.5
20220242,EM1170,1,8,9,8.5
20220243,MI1141,1,8,7,7.5
20220243,FL1101,1,3,5,3.6
20220243,MI1111,1,3,1,2
20220243,SSH1111,1,5,8,6.5
20220243,IT2000,1,4,2,3
20220243,EM1170,1,1,6,3.5
20220244,MI1141,1,2,8,5
20220244,FL1101,1,8,6,7.4
20220244,MI1111,1,10,1,5.5
20220244,SSH1111,1,4,1,2.5
20220244,IT2000,1,5,3,4
20220244,EM1170,1,2,3,2.5
20220245,MI1141,1,5,10,7.5
20220245,FL1101,1,1,9,3.4
20220245,MI1111,1,6,9,7.5
20220245,SSH1111,1,6,2,4
20220245,IT2000,1,5,8,6.5
20220245,EM1170,1,3,9,6
20220246,MI1141,1,2,7,4.5
20220246,FL1101,1,2,4,2.6
20220246,MI1111,1,7,2,4.5
20220246,SSH1111,1,9,9,9
20220246,IT2000,1,6,7,6.5
20220246,EM1170,1,7,2,4.5
20220247,MI1141,1,8,4,6
20220247,FL1101,1,8,8,8
20220247,MI1111,1,8,5,6.5
20220247,SSH1111,1,4,7,5.5
20220247,IT2000,1,6,9,7.5
20220247,EM1170,1,10,2,6
20220248,MI1141,1,6,1,3.5
20220248,FL1101,1,8,5,7.1
20220248,MI1111,1,7,3,5
20220248,SSH1111,1,8,7,7.5
20220248,IT2000,1,10,10,10
20220248,EM1170,1,7,4,5.5
20220249,MI1141,1,2,8,5
20220249,FL1101,1,10,3,7.9
20220249,MI1111,1,7,5,6
20220249,SSH1111,1,5,4,4.5
20220249,IT2000,1,8,3,5.5
20220249,EM1170,1,6,5,5.5
20220250,MI1141,1,8,8,8
20220250,FL1101,1,7,2,5.5
20220250,MI1111,1,5,6,5.5
20220250,SSH1111,1,5,5,5
20220250,IT2000,1,4,6,5
20220250,EM1170,1,9,2,5.5
20220251,FL1122,1,7,8,7.5
20220251,MIL1110,1,9,3,7.2
20220251,FL1121,1,2,8,5
20220251,FL1120,1,7,2,4.5
20220251,SSH1111,1,6,7,6.5
20220251,MI1141E,1,4,2,3
20220251,FL1123,1,4,6,5
20220251,PE1014,1,10,2,6
20220251,MI1111E,1,10,5,7.5
20220251,EM1170,1,3,10,6.5
20220252,FL1122,1,8,7,7.5
20220252,MIL1110,1,2,7,3.5
20220252,FL1121,1,3,3,3
20220252,FL1120,1,2,3,2.5
20220252,SSH1111,1,5,9,7
20220252,MI1141E,1,6,6,6
20220252,FL1123,1,5,6,5.5
20220252,PE1014,1,4,9,6.5
20220252,MI1111E,1,10,7,8.5
20220252,EM1170,1,2,5,3.5
20220253,FL1122,1,7,4,5.5
20220253,MIL1110,1,1,3,1.6
20220253,FL1121,1,6,6,6
20220253,FL1120,1,5,7,6
20220253,SSH1111,1,2,8,5
20220253,MI1141E,1,8,9,8.5
20220253,FL1123,1,6,2,4
20220253,PE1014,1,1,8,4.5
20220253,MI1111E,1,4,4,4
20220253,EM1170,1,9,1,5
20220254,FL1122,1,4,9,6.5
20220254,MIL1110,1,9,2,6.9
20220254,FL1121,1,5,3,4
20220254,FL1120,1,1,5,3
20220254,SSH1111,1,10,1,5.5
20220254,MI1141E,1,4,8,6
20220254,FL1123,1,10,3,6.5
20220254,PE1014,1,10,3,6.5
20220254,MI1111E,1,3,3,3
20220254,EM1170,1,6,8,7
20220255,FL1122,1,9,6,7.5
20220255,MIL1110,1,6,7,6.3
20220255,FL1121,1,2,5,3.5
20220255,FL1120,1,7,9,8
20220255,SSH1111,1,4,3,3.5
20220255,MI1141E,1,6,8,7
20220255,FL1123,1,3,7,5
20220255,PE1014,1,3,4,3.5
20220255,MI1111E,1,9,4,6.5
20220255,EM1170,1,5,7,6
20220256,FL1122,1,9,4,6.5
20220256,MIL1110,1,10,7,9.1
20220256,FL1121,1,8,6,7
20220256,FL1120,1,7,7,7
20220256,SSH1111,1,3,3,3
20220256,MI1141E,1,2,3,2.5
20220256,FL1123,1,5,7,6
20220256,PE1014,1,2,8,5
20220256,MI1111E,1,5,5,5
20220256,EM1170,1,3,6,4.5
20220257,FL1122,1,5,5,5
20220257,MIL1110,1,5,4,4.7
20220257,FL1121,1,4,2,3
20220257,FL1120,1,10,8,9
20220257,SSH1111,1,2,4,3
20220257,MI1141E,1,4,4,4
20220257,FL1123,1,9,10,9.5
20220257,PE1014,1,9,6,7.5
20220257,MI1111E,1,4,1,2.5
20220257,EM1170,1,6,3,4.5
20220258,FL1122,1,7,7,7
20220258,MIL1110,1,6,3,5.1
20220258,FL1121,1,5,7,6
20220258,FL1120,1,2,4,3
20220258,SSH1111,1,1,4,2.5
20220258,MI1141E,1,8,4,6
20220258,FL1123,1,7,8,7.5
20220258,PE1014,1,4,7,5.5
20220258,MI1111E,1,6,1,3.5
20220258,EM1170,1,9,1,5
20220259,FL1122,1,5,5,5
20220259,MIL1110,1,7,7,7
20220259,FL1121,1,6,7,6.5
20220259,FL1120,1,4,2,3
20220259,SSH1111,1,9,4,6.5
20220259,MI1141E,1,2,8,5
20220259,FL1123,1,8,2,5
20220259,PE1014,1,9,9,9
20220259,MI1111E,1,4,6,5
20220259,EM1170,1,2,5,3.5
20220260,FL1122,1,5,6,5.5
20220260,MIL1110,1,9,8,8.7
20220260,FL1121,1,8,6,7
20220260,FL1120,1,2,5,3.5
20220260,SSH1111,1,4,2,3
20220260,MI1141E,1,5,1,3
20220260,FL1123,1,3,5,4
20220260,PE1014,1,1,7,4
20220260,MI1111E,1,8,5,6.5
20220260,EM1170,1,1,5,3
20220261,FL1122,1,2,3,2.5
20220261,MIL1110,1,10,9,9.7
20220261,FL1121,1,3,8,5.5
20220261,FL1120,1,3,8,5.5
20220261,SSH1111,1,1,1,1
20220261,MI1141E,1,10,3,6.5
20220261,FL1123,1,1,8,4.5
20220261,PE1014,1,2,8,5
20220261,MI1111E,1,9,7,8
20220261,EM1170,1,1,8,4.5
20220262,FL1122,1,9,5,7
20220262,MIL1110,1,8,8,8
20220262,FL1121,1,5,5,5
20220262,FL1120,1,8,3,5.5
20220262,SSH1111,1,5,8,6.5
20220262,MI1141E,1,4,3,3.5
20220262,FL1123,1,5,6,5.5
20220262,PE1014,1,2,10,6
20220262,MI1111E,1,6,9,7.5
20220262,EM1170,1,9,7,8
20220263,FL1122,1,8,8,8
20220263,MIL1110,1,1,4,1.9
20220263,FL1121,1,4,5,4.5
20220263,FL1120,1,8,3,5.5
20220263,SSH1111,1,1,4,2.5
20220263,MI1141E,1,2,7,4.5
20220263,FL1123,1,6,5,5.5
20220263,PE1014,1,6,4,5
20220263,MI1111E,1,5,8,6.5
20220263,EM1170,1,4,6,5
20220264,FL1122,1,8,8,8
20220264,MIL1110,1,2,6,3.2
20220264,FL1121,1,6,3,4.5
20220264,FL1120,1,6,10,8
20220264,SSH1111,1,10,3,6.5
20220264,MI1141E,1,7,6,6.5
20220264,FL1123,1,9,3,6
20220264,PE1014,1,9,2,5.5
20220264,MI1111E,1,10,9,9.5
20220264,EM1170,1,2,6,4
20220265,FL1122,1,5,5,5
20220265,MIL1110,1,2,1,1.7
20220265,FL1121,1,8,6,7
20220265,FL1120,1,2,2,2
20220265,SSH1111,1,9,6,7.5
20220265,MI1141E,1,2,4,3
20220265,FL1123,1,7,1,4
20220265,PE1014,1,7,3,5
20220265,MI1111E,1,7,7,7
20220265,EM1170,1,3,9,6
20220266,FL1122,1,4,6,5
20220266,MIL1110,1,8,5,7.1
20220266,FL1121,1,5,6,5.5
20220266,FL1120,1,10,5,7.5
20220266,SSH1111,1,3,8,5.5
20220266,MI1141E,1,8,2,5
20220266,FL1123,1,4,8,6
20220266,PE1014,1,6,10,8
20220266,MI1111E,1,4,6,5
20220266,EM1170,1,3,1,2
20220267,FL1122,1,3,7,5
20220267,MIL1110,1,7,6,6.7
20220267,FL1121,1,2,4,3
20220267,FL1120,1,2,6,4
20220267,SSH1111,1,9,8,8.5
20220267,MI1141E,1,6,6,6
20220267,FL1123,1,7,6,6.5
20220267,PE1014,1,6,10,8
20220267,MI1111E,1,10,6,8
20220267,EM1170,1,8,8,8
20220268,FL1122,1,5,5,5
20220268,MIL1110,1,7,6,6.7
20220268,FL1121,1,3,3,3
20220268,FL1120,1,4,7,5.5
20220268,SSH1111,1,9,10,9.5
20220268,MI1141E,1,6,7,6.5
20220268,FL1123,1,9,8,8.5
20220268,PE1014,1,8,7,7.5
20220268,MI1111E,1,1,2,1.5
20220268,EM1170,1,6,6,6
20220269,FL1122,1,4,3,3.5
20220269,MIL1110,1,8,1,5.9
20220269,FL1121,1,4,5,4.5
20220269,FL1120,1,7,3,5
20220269,SSH1111,1,1,9,5
20220269,MI1141E,1,8,7,7.5
20220269,FL1123,1,8,8,8
20220269,PE1014,1,6,8,7
20220269,MI1111E,1,8,9,8.5
20220269,EM1170,1,4,9,6.5
20220270,FL1122,1,2,5,3.5
20220270,MIL1110,1,4,4,4
20220270,FL1121,1,2,4,3
20220270,FL1120,1,1,7,4
20220270,SSH1111,1,2,7,4.5
20220270,MI1141E,1,8,7,7.5
20220270,FL1123,1,2,5,3.5
20220270,PE1014,1,2,2,2
20220270,MI1111E,1,3,9,6
20220270,EM1170,1,4,4,4
20220271,FL1122,1,8,6,7
20220271,MIL1110,1,5,6,5.3
20220271,FL1121,1,7,5,6
20220271,FL1120,1,7,4,5.5
20220271,SSH1111,1,9,5,7
20220271,MI1141E,1,8,6,7
20220271,FL1123,1,4,1,2.5
20220271,PE1014,1,6,9,7.5
20220271,MI1111E,1,10,1,5.5
20220271,EM1170,1,8,5,6.5
20220272,FL1122,1,4,3,3.5
20220272,MIL1110,1,1,4,1.9
20220272,FL1121,1,1,6,3.5
20220272,FL1120,1,9,9,9
20220272,SSH1111,1,6,3,4.5
20220272,MI1141E,1,5,2,3.5
20220272,FL1123,1,8,8,8
20220272,PE1014,1,8,6,7
20220272,MI1111E,1,3,8,5.5
20220272,EM1170,1,7,3,5
20220273,FL1122,1,3,5,4
20220273,MIL1110,1,6,8,6.6
20220273,FL1121,1,10,3,6.5
20220273,FL1120,1,10,3,6.5
20220273,SSH1111,1,1,5,3
20220273,MI1141E,1,6,9,7.5
20220273,FL1123,1,2,3,2.5
20220273,PE1014,1,9,8,8.5
20220273,MI1111E,1,3,9,6
20220273,EM1170,1,7,3,5
20220274,FL1122,1,9,10,9.5
20220274,MIL1110,1,10,2,7.6
20220274,FL1121,1,4,9,6.5
20220274,FL1120,1,6,5,5.5
20220274,SSH1111,1,9,8,8.5
20220274,MI1141E,1,2,8,5
20220274,FL1123,1,9,8,8.5
20220274,PE1014,1,7,1,4
20220274,MI1111E,1,7,4,5.5
20220274,EM1170,1,7,7,7
20220275,FL1122,1,2,7,4.5
20220275,MIL1110,1,3,10,5.1
20220275,FL1121,1,3,9,6
20220275,FL1120,1,4,5,4.5
20220275,SSH1111,1,2,2,2
20220275,MI1141E,1,2,3,2.5
20220275,FL1123,1,7,3,5
20220275,PE1014,1,7,6,6.5
20220275,MI1111E,1,3,3,3
20220275,EM1170,1,6,5,5.5
20220276,FL1122,1,9,7,8
20220276,MIL1110,1,8,6,7.4
20220276,FL1121,1,2,4,3
20220276,FL1120,1,9,4,6.5
20220276,SSH1111,1,10,5,7.5
20220276,MI1141E,1,7,8,7.5
20220276,FL1123,1,8,8,8
20220276,PE1014,1,8,1,4.5
20220276,MI1111E,1,6,7,6.5
20220276,EM1170,1,3,3,3
20220277,FL1122,1,5,2,3.5
20220277,MIL1110,1,4,5,4.3
20220277,FL1121,1,6,3,4.5
20220277,FL1120,1,2,5,3.5
20220277,SSH1111,1,10,3,6.5
20220277,MI1141E,1,5,8,6.5
20220277,FL1123,1,5,7,6
20220277,PE1014,1,5,1,3
20220277,MI1111E,1,3,2,2.5
20220277,EM1170,1,4,9,6.5
20220278,FL1122,1,4,5,4.5
20220278,MIL1110,1,6,3,5.1
20220278,FL1121,1,7,6,6.5
20220278,FL1120,1,6,7,6.5
20220278,SSH1111,1,4,2,3
20220278,MI1141E,1,2,2,2
20220278,FL1123,1,5,6,5.5
20220278,PE1014,1,5,10,7.5
20220278,MI1111E,1,4,3,3.5
20220278,EM1170,1,7,4,5.5
20220279,FL1122,1,9,4,6.5
20220279,MIL1110,1,3,7,4.2
20220279,FL1121,1,4,9,6.5
20220279,FL1120,1,3,5,4
20220279,SSH1111,1,6,3,4.5
20220279,MI1141E,1,2,4,3
20220279,FL1123,1,4,10,7
20220279,PE1014,1,5,7,6
20220279,MI1111E,1,5,10,7.5
20220279,EM1170,1,6,7,6.5
20220280,FL1122,1,4,3,3.5
20220280,MIL1110,1,7,3,5.8
20220280,FL1121,1,8,5,6.5
20220280,FL1120,1,9,2,5.5
20220280,SSH1111,1,4,9,6.5
20220280,MI1141E,1,7,8,7.5
20220280,FL1123,1,2,8,5
20220280,PE1014,1,9,5,7
20220280,MI1111E,1,7,9,8
20220280,EM1170,1,2,2,2
20220281,FL1122,1,9,7,8
20220281,MIL1110,1,1,7,2.8
20220281,FL1121,1,5,4,4.5
20220281,FL1120,1,2,3,2.5
20220281,SSH1111,1,10,9,9.5
20220281,MI1141E,1,3,2,2.5
20220281,FL1123,1,9,7,8
20220281,PE1014,1,8,9,8.5
20220281,MI1111E,1,8,8,8
20220281,EM1170,1,8,1,4.5
20220282,FL1122,1,1,4,2.5
20220282,MIL1110,1,3,4,3.3
20220282,FL1121,1,4,6,5
20220282,FL1120,1,9,10,9.5
20220282,SSH1111,1,8,9,8.5
20220282,MI1141E,1,8,3,5.5
20220282,FL1123,1,9,5,7
20220282,PE1014,1,9,3,6
20220282,MI1111E,1,8,1,4.5
20220282,EM1170,1,3,10,6.5
20220283,FL1122,1,8,5,6.5
20220283,MIL1110,1,4,5,4.3
20220283,FL1121,1,8,7,7.5
20220283,FL1120,1,4,6,5
20220283,SSH1111,1,5,6,5.5
20220283,MI1141E,1,8,8,8
20220283,FL1123,1,3,4,3.5
20220283,PE1014,1,2,2,2
20220283,MI1111E,1,3,7,5
20220283,EM1170,1,6,9,7.5
20220284,MIL1110,1,4,9,5.5
20220284,FL1121,1,9,7,8
20220284,FL1120,1,8,5,6.5
20220284,SSH1111,1,6,6,6
20220284,MI1141E,1,7,9,8
20220284,FL1123,1,5,2,3.5
20220284,PE1014,1,9,5,7
20220284,MI1111E,1,5,6,5.5
20220284,FL1122,1,8,7,7.5
20220284,EM1170,1,9,5,7
20220285,MIL1110,1,3,4,3.3
20220285,FL1121,1,7,7,7
20220285,FL1120,1,5,7,6
20220285,SSH1111,1,1,2,1.5
20220285,MI1141E,1,2,7,4.5
20220285,FL1123,1,6,6,6
20220285,PE1014,1,4,1,2.5
20220285,MI1111E,1,7,6,6.5
20220285,FL1122,1,5,8,6.5
20220285,EM1170,1,5,10,7.5
20220286,MIL1110,1,7,10,7.9
20220286,FL1121,1,6,8,7
20220286,FL1120,1,3,9,6
20220286,SSH1111,1,5,2,3.5
20220286,MI1141E,1,5,5,5
20220286,FL1123,1,8,9,8.5
20220286,PE1014,1,3,9,6
20220286,MI1111E,1,2,9,5.5
20220286,FL1122,1,5,10,7.5
20220286,EM1170,1,8,2,5
20220287,MIL1110,1,7,6,6.7
20220287,FL1121,1,6,8,7
20220287,FL1120,1,9,7,8
20220287,SSH1111,1,7,9,8
20220287,MI1141E,1,2,1,1.5
20220287,FL1123,1,4,3,3.5
20220287,PE1014,1,2,4,3
20220287,MI1111E,1,5,2,3.5
20220287,FL1122,1,3,3,3
20220287,EM1170,1,9,9,9
20220288,MIL1110,1,1,2,1.3
20220288,FL1121,1,7,7,7
20220288,FL1120,1,9,9,9
20220288,SSH1111,1,6,7,6.5
20220288,MI1141E,1,9,3,6
20220288,FL1123,1,10,5,7.5
20220288,PE1014,1,4,7,5.5
20220288,MI1111E,1,6,3,4.5
20220288,FL1122,1,10,4,7
20220288,EM1170,1,8,7,7.5
20220289,MIL1110,1,6,1,4.5
20220289,FL1121,1,2,4,3
20220289,FL1120,1,3,9,6
20220289,SSH1111,1,4,3,3.5
20220289,MI1141E,1,4,6,5
20220289,FL1123,1,7,1,4
20220289,PE1014,1,3,10,6.5
20220289,MI1111E,1,2,1,1.5
20220289,FL1122,1,5,7,6
20220289,EM1170,1,9,5,7
20220290,MIL1110,1,2,2,2
20220290,FL1121,1,8,4,6
20220290,FL1120,1,2,7,4.5
20220290,SSH1111,1,10,7,8.5
20220290,MI1141E,1,4,7,5.5
20220290,FL1123,1,8,10,9
20220290,PE1014,1,4,6,5
20220290,MI1111E,1,2,8,5
20220290,FL1122,1,9,8,8.5
20220290,EM1170,1,5,9,7
20220291,MIL1110,1,8,4,6.8
20220291,FL1121,1,4,9,6.5
20220291,FL1120,1,6,10,8
20220291,SSH1111,1,3,6,4.5
20220291,MI1141E,1,9,2,5.5
20220291,FL1123,1,3,4,3.5
20220291,PE1014,1,2,2,2
20220291,MI1111E,1,8,4,6
20220291,FL1122,1,4,5,4.5
20220291,EM1170,1,9,5,7
20220292,MIL1110,1,4,4,4
20220292,FL1121,1,2,1,1.5
20220292,FL1120,1,9,6,7.5
20220292,SSH1111,1,9,5,7
20220292,MI1141E,1,9,3,6
20220292,FL1123,1,4,4,4
20220292,PE1014,1,8,4,6
20220292,MI1111E,1,2,3,2.5
20220292,FL1122,1,2,4,3
20220292,EM1170,1,4,4,4
20220293,MIL1110,1,2,3,2.3
20220293,FL1121,1,8,3,5.5
20220293,FL1120,1,2,7,4.5
20220293,SSH1111,1,6,9,7.5
20220293,MI1141E,1,4,9,6.5
20220293,FL1123,1,9,9,9
20220293,PE1014,1,7,10,8.5
20220293,MI1111E,1,9,9,9
20220293,FL1122,1,3,8,5.5
20220293,EM1170,1,1,2,1.5
20220294,MIL1110,1,9,3,7.2
20220294,FL1121,1,10,6,8
20220294,FL1120,1,8,10,9
20220294,SSH1111,1,2,9,5.5
20220294,MI1141E,1,10,10,10
20220294,FL1123,1,8,3,5.5
20220294,PE1014,1,4,8,6
20220294,MI1111E,1,6,6,6
20220294,FL1122,1,4,8,6
20220294,EM1170,1,1,10,5.5
20220295,MIL1110,1,1,7,2.8
20220295,FL1121,1,5,7,6
20220295,FL1120,1,2,8,5
20220295,SSH1111,1,8,7,7.5
20220295,MI1141E,1,1,4,2.5
20220295,FL1123,1,8,8,8
20220295,PE1014,1,1,1,1
20220295,MI1111E,1,5,4,4.5
20220295,FL1122,1,9,3,6
20220295,EM1170,1,3,6,4.5
20220296,MIL1110,1,3,4,3.3
20220296,FL1121,1,2,5,3.5
20220296,FL1120,1,4,8,6
20220296,SSH1111,1,3,9,6
20220296,MI1141E,1,4,5,4.5
20220296,FL1123,1,2,9,5.5
20220296,PE1014,1,10,8,9
20220296,MI1111E,1,3,6,4.5
20220296,FL1122,1,4,5,4.5
20220296,EM1170,1,6,8,7
20220297,MIL1110,1,1,6,2.5
20220297,FL1121,1,9,8,8.5
20220297,FL1120,1,9,3,6
20220297,SSH1111,1,8,9,8.5
20220297,MI1141E,1,5,7,6
20220297,FL1123,1,6,3,4.5
20220297,PE1014,1,4,4,4
20220297,MI1111E,1,7,2,4.5
20220297,FL1122,1,5,2,3.5
20220297,EM1170,1,9,6,7.5
20220298,MIL1110,1,3,7,4.2
20220298,FL1121,1,6,3,4.5
20220298,FL1120,1,3,1,2
20220298,SSH1111,1,7,9,8
20220298,MI1141E,1,3,5,4
20220298,FL1123,1,9,5,7
20220298,PE1014,1,8,6,7
20220298,MI1111E,1,4,2,3
20220298,FL1122,1,1,3,2
20220298,EM1170,1,2,6,4
20220299,MIL1110,1,8,7,7.7
20220299,FL1121,1,3,6,4.5
20220299,FL1120,1,7,3,5
20220299,SSH1111,1,6,4,5
20220299,MI1141E,1,7,7,7
20220299,FL1123,1,1,9,5
20220299,PE1014,1,10,3,6.5
20220299,MI1111E,1,10,4,7
20220299,FL1122,1,3,4,3.5
20220299,EM1170,1,8,7,7.5
20220300,MIL1110,1,7,6,6.7
20220300,FL1121,1,9,3,6
20220300,FL1120,1,4,5,4.5
20220300,SSH1111,1,8,5,6.5
20220300,MI1141E,1,9,6,7.5
20220300,FL1123,1,3,7,5
20220300,PE1014,1,3,9,6
20220300,MI1111E,1,3,6,4.5
20220300,FL1122,1,9,2,5.5
20220300,EM1170,1,1,8,4.5
